id,name,alias,cover,categories,directors,actors,score,dramma,regions,published_at,minute
30,上帝之城,Cidade de Deus,https://p1.meituan.net/movie/b553d13f30100db731ab6cf45668e52d94703.jpg@464w_644h_1e_1c,剧情;犯罪,卡迪亚·兰德;费尔南多·梅里尔斯,亚历桑德雷·罗德里格斯;艾莉丝·布拉加;莱安德鲁·菲尔米诺;索·豪黑;道格拉斯·席尔瓦;乔纳森·哈根森;菲利佩·哈根森;Emerson Gomes;Marcello Melo Junior;Márcio Costa;Erick Oliveira;Marcos Coutinho;Marcello Costa;Guti Fraga;Edward Boggiss Lustosa;Adão dos Santos Thiago;Denise Fonseca;Júlio César Siqueira;Waldeck Roque;Wagner Mello;Ricardo Rocha da Silva;Ricardo Lira;Maurício Figueiras;Marcos Viana;Marcelo Araújo;Marcelo António Santos;巴布·桑塔纳;Mary Sheila;Sérgio Chapelin;Tulé Peak;克里斯蒂安·杜沃特;Olivia Araújo;Gil Torres;保罗·林斯;Rosangela Rodrigues;Jota Farias;João Soares;Rafael Fontenele;Leo Generoso;Wallace Nascimento;Wallace Araújo;Wellington Costa Ricardo;Wanderson 'Petão' Lopes;Yuri Krushewsky;Wemerson Gonçalves;Arlindo Lopes;Anderson Faria;Leiz Moreira;Luis Carlos Oliveira;Leonardo Melo;Marcello 'Máscara' Alves;马塞罗·梅罗;Pierre dos Santos;赫南·芒特伊罗;Vinicius Faria;Delano Valentim;Ed Money;Fabiano Gonçalves;Felipe Porto;Francisco Marcos;Carol Meirelles;Carlos 'Lencinho' Smith;Christiano;Diego Mendes;Jéssica da Silva;Luciana Roque;Marina Mandonça Pinheiro;Michele Gonçalves;Otto Amorim;Omar 'Mazinho' Barcelos;Nelson Amaral;Mário Luiz Costa Oliveira;Rómulo 'Guinomo' Sech;Roberto Miguez;Rafael de Souza;Peter Soares;Luís Nascimento;Luis Carlos Rodrigues Oliveira;Lúcio Andrey;Eduardo 'BR' Piranha;Fábio 'Dog' da Cunha;Charles Samuel;Éder Júlio Martins;Guilherme Estevam;Guilherme William;Felipe Villela Mendonça;Frederico Lins;Alex dos Santos;Anderson Bruno Marques;Ruy Vitório;Sérgio Bispo;Antoni Guedes;Bruno Ricardo;Anderson Lugão;André Luiz Mendes;Leandro Gonçalves;Harlem Teixeira;Leandro Lima;Leandro Lucas;Jonas Michel;John Lima;Ivan Martins;Leandro Dias Batista;Euclides Garcia;Damião Firmino;Felipe Nogueira;Fábio Castor Conceição;Carlos Henrique Avernas;Bartolomeu Braga;Cleiton Ventura;Cláudio César;丹尼尔·泽托;Bernardo Santos;Diego Batista;Diego Ferreira;Marcio Vinicios;查尔斯·帕拉文蒂;Luiz Carlos Ribeiro Seixas;Paulo 'Jacaré' César;Danielle Ornelas;Alexandre 'China' Tavares;Alexander Cerqueira;António Rodrigues;André Pires Martins;Rafael de Castro;米卡埃尔·波尔格斯;Thiago Wallace;Ramon Francisco;马修斯·纳克加勒;Luis Otávio;罗伯塔·罗德里格斯;Michel de Souza;Edson Oliveira;Jefechander Suplino;Renato de Souza;Graziela Moretto;Leandra Miranda;Robson Rocha;Darlan Cunha;Gustavo Engracia;Maurício Marques;Edson Montenegro;Gero Camilo;Felipe Silva;Karina Falcão;Sabrina Rosa;Rubens Sabino;Marcos 'Kikito' Junqueira;蒂亚戈·马丁斯;Wendel Barros;Edward Boggiss;Adão Xalebaradã,8.8,,巴西;法国,,130
71,当幸福来敲门,The Pursuit of Happyness,https://p1.meituan.net/movie/7d1d85610651dbe1c8687781a87d1008184950.jpg@464w_644h_1e_1c,剧情;家庭;传记,加布里埃莱·穆奇诺,威尔·史密斯;贾登·史密斯;坦迪·牛顿;布莱恩·豪威;詹姆斯·卡伦;丹·卡斯泰兰尼塔;柯特·富勒;塔卡尤·费舍尔;凯文·韦斯特;乔治·张;戴维·迈克尔·西尔弗曼;多米尼克·博夫;杰弗·卡伦;乔伊芙·拉文;斯科特·克拉斯;拉希达·克伦迪宁;Eric Schniewind;Peter Fitzsimmons;Maurice Sherbanee;维克托·莱德·维斯勒;马克·克里斯托弗·劳伦斯;Darryl Fong;乔治·马奎尔;乔·努内斯;亚当·德尔·里奥;Rocky LaRochelle;Reuben Grundy;Lo Ming;John Kovacevich;Bonnie Akimoto;Stu Klitsner;Tina D'Elia;塞西尔·威廉斯;大卫·芬恩;George Moffatt;阿米尔·塔莱;Mike Garibaldi;Jason Frazier;凯文·克鲁克;David Haines;James Finnerty;Abigail Van Alyn;Bob Greene;Robert Anthony Peters;Terri Orth-Pallavicini;John Robb;Daniel Wilder!;Cathy Fithian;Keith Stevenson;Jeff Applebaum;Victor Hoagland;Richard Bischoff;Edward Donlin;Larry Hunt;Rose Aispuro;Arbin C. Kumar;大卫·皮尔;Jerry Edward McLilly;Shareef Allman;Jeffrey Moon;Peaches Hutchinson;Brandon Deadwiler;Tateanna Wheeler-Lezine;Karen Kahn;Benjamin Fritz;David Hodges;Shawn Kresal;多恩·安德鲁·西蒙斯;莫莉·塞拉斯基;Kimberly Contreras;Ryan Else;Travis Fields;克里斯·加德纳;约翰·帕特里克·舒拉克;艾丽莎·安德瑞格;Erin Cahill;Regina Antoinette;扎克·布拉夫;Doug Campbell;里克·坎普;Brad Carr;詹姆斯·科纳;亚历山大·库科尔;扎卡里·卡伯森;Yeena Lopez;加瑞特·法贝斯;Daryl Anthony Harper;David Kiiskinen;Tyler MacNiven;Steve Potts;Rob 'Captain Rob' Robinson;塞雷娜·锡德;威廉·保罗·史密斯;亚当·王;Cindy Warner;The Glide Ensemble;Martin Andris;菲尔·奥斯汀;Stefano Capone;Elise Angell;Ben Fritz;Steven Lindo;Zuhair Haddad;伊斯特·斯高特;Cabran E. Chamberlain;Bill Dietz;Brendan Kruse;马克·拉维尔;Tommy Maples;Phil Talsky;罗明;戴维·阿伦·霍奇斯;Rueben Grundy,8.9,,美国,2008-01-17,117
21,黄金三镖客,Il buono, il brutto, il cattivo.,https://p0.meituan.net/movie/cd18ed2c5cda9e71e17e5e6ef61ced172912303.jpg@464w_644h_1e_1c,西部;冒险,赛尔乔·莱翁内,克林特·伊斯特伍德;李·范·克里夫;埃里·瓦拉赫;路易吉·皮斯蒂利;Claudio Scarchilli;John Bartha;Livio Lorenzon;贝尼托·斯特凡内利;Angelo Novi;安东尼奥·卡萨斯;阿尔多·桑布雷利;Al Mulock;Sergio Mendizábal;Antonio Molino Rojo;Lorenzo Robledo;马里奥·布雷加;弗兰克·布拉尼亚;Luigi Ciavarro;Jesús Guzmán;Víctor Israel;纳扎雷诺·纳塔莱;Ricardo Palacios;Romano Puppo;Antonio Ruiz;Román Ariznavarreta;José Terrón;Saturno Cerra;Enrique Santiago;Fortunato Arena;阿蒂利奥·罗戴德约;Veriano Genesi;阿尔多·久弗瑞;Rada Rassimov;Enzo Petito;Antonio Casale;Sandro Scarchilli;切诺·阿隆索;William Conroy;Aysanoa Runachagua;Franco Doria;Amerigo Castrighella;Tony Di Mitri,9.1,,意大利;西班牙;西德,1966-12-23,161
53,蝙蝠侠：黑暗骑士崛起,The Dark Knight Rises,https://p0.meituan.net/movie/f7f4b4099773268f8290ed033f49dc01377512.jpg@464w_644h_1e_1c,剧情;动作;科幻;惊悚;犯罪,克里斯托弗·诺兰,克里斯蒂安·贝尔;迈克尔·凯恩;加里·奥德曼;安妮·海瑟薇;汤姆·哈迪;约瑟夫·高登-莱维特;摩根·弗里曼;玛丽昂·歌迪亚;连姆·尼森;艾丹·吉伦;朱诺·坦普尔;丹尼尔·逊亚塔;乔什·斯图沃特;马修·莫迪恩;乔伊·金;内斯特·卡博内尔;克里斯托弗·加吉;雷吉·李;阿拉米斯·奈特;布莱特·卡伦;本·门德尔森;乔什·平茨;伯恩·戈曼;托马斯·阿拉纳;伊恩·鲍汉;汤姆·康蒂;克莱尔·阿莉丝·朱利安;吉利安·阿美娜特;迈克尔·帕帕约翰;克里斯·埃里斯;大卫·莫纳汉;约瑟夫·莱尔·泰勒;阿隆·阿布布尔;特雷弗·怀特;罗尼·吉恩·贝尔维斯;克里斯·塞林斯;格伦·鲍威尔;马西·弗伦;Greg Bennett;戴娜·格里菲思;易莱哲·伯克;Ian Mackay;布兰登·惠特尼;Sam Kennard;Michael Gucciardo;Steven Vigil;Nial Nelson-Hopkins;Gabe Mendez;Ty Kunzelman;Richard Stephens;Lalaine Fabi;Matthew Zalenski;Eric Kazen;约瑟夫M·阿尔伯特;伊塞亚·亚当斯;Lucia M. Aguirre;Tony Alameda;Chris Albright;Charlie Alejandro;Tony Amen;James Avise;Grant Babbitt;费丽娜·巴瑞丝;David Nathie Barnes;约瑟夫·巴西莱;Tiffany Bell;Aldo Bigante;Brandon Blackwell;James Blankenfeld;瑞克·博兰德;Johnathan Bowen;凯尔·帕特里克·布伦南;布兰特·布里斯科;Corey Brown;Graham Brown;Star Bunner;Steven Butros;Frank Caccamo;约翰·卡什;As Katja Mehlhorn Catya Maré;Scott Churchson;Matt Cipro;Ryan Clark;Carl Clemons;Willie Colon;Daniel R Cooper;Bill Cowher;帕特里克·考克斯;Scot Cregan;Ruben Dario Cruz II;Gioacchino Jim Cuffaro;Christopher James Cullen;Michael Didriksson;Marvin Duerkholz;托尼·埃利斯;Jonn Faircrest;史蒂夫·凡蒂尼;托马斯·图尔;Jon Macmilla;Kevin Kiely;帕特里克·乔丹;Rey Goyos;Darryl Reeves;Michael James Faradie;Anthony Farraj;约翰·法瑞尔;James Farrior;弗兰克·法达;拉什·费加;Susan Feldbusch;凯尔文·菲利克斯;大卫·达耶·费舍尔;Justin Fortmeier;乌瑞·加夫利尔;加里·吉布斯;索菲亚·吉尔贝托;萨拉·古德伯格;克里斯托弗·布莱恩;马修·古利;Michael Grand;Vito Grassi;Ryan Green;菲利普·詹姆斯·格里非斯;Kevin Gurnari;Casey Hampton;Sam Harris;Greg Hart;埃德·哈维;杜安·亨利;David Higdon;John W. Iwanonkiw;柯蒂斯·杰梅因;Edgar Jimz;Stephen T. Johnson;乔·凯恩;威廉·卡尼亚;蒂凡妮·坎普;大卫·达斯汀·凯尼恩;Sun Jae Kim;Sharyn Kmieciak;Zackary Kresser;伊兰·克里斯费尔德;艾利克斯·克鲁兹;夏农·拉尼尔;Joshua Lassman;Robert Leckington;弗瑞德里克·林恩;LeJon;Paul Jude Letersky;Joe Lipari;Silvia Lombardo;约翰·曼奇尼;Max Mangel;Dan Marcus;Jorge Mardel;London May;Mike J. McAllister;Orion McCabe;Sean P. McCarthy;David Dale McCue;Kyle McGrath;蒂凡妮·桑德尔·麦肯兹;兰德尔·麦克尼尔;艾伦·梅里特;Heath Miller;奥兰·蒙哥马利;杰瑞米·穆恩;艾莉克丝摩尔;Julie Mun;米兰达·诺兰;Shane Nolan;Jackson Nunn;Joseph O'Brien;Shaun O'Donnell;Michael O'Neill;Salomon Passariello;Andres Perez-Molina;史帝夫·派瑞;亚当·皮亚森特;欧内斯特·皮尔斯;Kyle David Pierce;David Michael Plowman;特洛伊·波拉马鲁;Maurkice Pouncey;Michael Power;赖恩·普雷姆斯伯格;迪索·拉莫斯;Jake Ramos;詹姆斯·罗林斯;乔舒亚·里斯;Joseph Rittenhouse;Shindo Ki Rodriguez;Ben Roethlisberger;埃克托·阿特雷宇·鲁伊兹;Tyler Rumsey;艾伦·萨吉尼亚;Eric Salazar;Greg Sammis;Zachary Scheer;Emily Schooley;Chris Sciacco;加里·西沃斯;Aaron Smith;Eric Smith;Ken Spassione;Blake Steigerwald;Franz Strassmann;汤姆·斯特拉瑟斯;Kevin Tanski;Adam Teper;Sami Tesfay;Matthew Thane;Gualberto Del Toro;Craig Usiak;克里斯·威纳;Michelle Vezzani;芭芭拉·文森特;Mike Wallace;海因斯·沃德;迈克尔·沃特金斯;Christopher Watts;詹姆斯·威乐;杰森·惠特克;Nickolas Wiegand;余胜豪;米切尔·叶;Maria Zambrana;John Zion;Alex Ziwak;Rafael Zubizarreta Jr.;Aliash Tepina;Nick Julian;Tyler Dean Flores;詹姆斯·哈尔维·瓦德;冈萨洛·门内德斯;卡梅伦·杰克;Alexis Daniel;托马斯·列农;罗伯·布朗;考特尼·芒奇;Chris Hill;Travis Guba;Jay Benedict;威尔·埃斯蒂斯;本·科尼什;约翰·诺兰;奥利弗·科顿;马克·基林;罗伯特·维斯多姆;约翰·霍林沃思;诺尔·古格雷米;Max Schuler;威廉姆·德瓦内;Harry Coles;基里安·墨菲;大卫·吉亚西;戴斯蒙德·哈灵顿;Mychael Bates;Rory Nolan;皮特·霍尔登;艾捷拉·埃文斯;Aldous Davidson;韦德·威廉姆斯;Antwan Lewis;Jake Canuso;英迪娅·沃兹沃思;丹尼尔·纽曼;沃伦·布朗;Luke Rutherford;Phillip Browne;Charles Jackson Coyne;帕特里克莱希;托德·格哈特;拉塞尔·巴洛格;Ryan C. Bogdewic;Timothy Butts;Shawn Farrell;Luke Oscar Ford;Gregory Gillaspie;Frank Hansen;Quillian Hightower;Bryan Lee;Jack Mahrt;Catya Maré;Mark Perrone;Kirsten Roeters;Barak Shpiez;劳伦斯·怀特讷;克莱尔·茱莉安;约翰·麦克米兰;Lex Daniel;Joshua Elijah Reese;Kevin Kiely Jnr,8.9,,美国;英国,2012-08-27,165
79,忠犬八公的故事,Hachi: A Dog's Tale,https://p0.meituan.net/movie/5f0a709378d6b567807aa9685610f818282136.jpg@464w_644h_1e_1c,剧情,拉斯·霍尔斯道姆,Forest;理查·基尔;琼·艾伦;田川洋行;萨拉·罗默尔;杰森·亚历山大;艾瑞克·阿瓦利;达文尼亚·麦克法登;罗比·萨布莱特;凯文·德科斯泰;Rob Degnan;托拉·霍斯特洛姆;唐娜·索贝洛;Frank S. Aronson;特洛伊·多尔蒂;伊恩·谢尔曼;蒂莫西·克罗;Denece Ryland;贝茨·怀尔德;布莱克·弗里德曼;丹尼尔·柯比;罗伊·苏萨;Rich Tretheway;Thomas Tynell;Patrick Mel Hayes;Desiree April Connolly;Ellen Becker-Gray;Raymond Alongi;Edward L. Papazian;亚美利哥·普雷休蒂;Rich Skinner;罗伯特·卡普荣;Michael Kelly;摩根·奥布莱恩;马丁·蒙塔纳;文森特J.恩肖;Donald Warnock;Ben Skinner;Gloria Crist;奥斯卡J·卡斯蒂罗;Joanne Fanara;加里·罗斯科;Adam Masnyk;Luke Allard;肖恩·法雷尔;Gail Bugeja;Albert Gornie;伊丽莎白·弗里曼;Timothy Crowe,8.9,,美国;英国,2009-06-13,93
11,V字仇杀队,V for Vendetta,https://p1.meituan.net/movie/06ec3c1c647942b1e40bca84036014e9490863.jpg@464w_644h_1e_1c,剧情;动作;科幻;惊悚,詹姆斯·麦克特格;詹姆斯·麦克提格,娜塔莉·波特曼;雨果·维文;斯蒂芬·瑞;斯蒂芬·弗雷;约翰·赫特;蒂姆·皮戈特-史密斯;拉珀特·格雷夫斯;罗杰·阿拉姆;本·迈尔斯;西妮德·库萨克;娜塔莎·怀特曼;约翰·斯坦丁;埃迪·马森;克里夫·阿什伯恩;Emma Field-Rayner;伊安·布尔费尔德;Mark Phoenix;Alister Mazzotti;比莉·库克;盖伊·亨利;科斯马·肖;梅根·盖伊;Roderic Culver;Tara Hacking;安迪·莱什利兹;查德·斯塔赫斯基;安特耶·劳;Amelda Brown;理查德·坎贝尔;帕特里莎·加农;马克·朗赫斯特;西蒙·霍尔姆斯;查尔斯·科克;约翰·瑞汉姆;奥利弗·布拉德肖;Jack Schouten;Caoimhe Murdock;朱丽叶·霍兰德;布林·罗瑟;拉菲·帕特里克·伯切尔;约瑟夫·雷耶;Adrian Finighan;马尔科姆·辛克莱;拉德利·史蒂夫·福特;马德琳·拉基克-普拉特;塞丽娜·贾尔斯;卡斯腾·海斯;德里克·哈金森;马丁·萨维奇;格兰特·布尔金;格里高利·唐纳森;伊莫琴·普茨;杰森·格里菲斯;Kyra Meyer;劳拉·格林伍德;保罗·安东尼-巴博;Anna Farnworth;玛丽·萧克莱;Simon Newby;David Merheb;丹尼尔·唐纳森;Dulcie Smart;本·波泽纳;伊恩·T·迪金森;Sophia New;朱莉·布朗;Gerard Gilroy;Eamon Geoghegan;马修·贝茨;大卫·雷奇;马特·威尔金森;马丁·麦克格雷德;理查德·莱恩;Michael Simkins;威廉·塔普利;Edsel Kragg;托尼·库克;Gordon Gram;乔纳斯·冯·林根;若昂·科斯塔·梅内塞斯;Jason Oettle;克里斯托弗·威尔森;安迪·卡拉汉;基斯·豪;David Decio;Nicolas de Pruyssenaere;彼得·莱德;沃尔夫冈·施特格曼;Norman Campbell Rees;马迪斯·兰德维尔;克里斯托弗·福什;David Hood;罗根·格兰特;Forbes KB;布拉德利·斯蒂夫·福特;Greg Donaldson,8.9,,美国;英国;德国,2005-12-11,132
12,少年派的奇幻漂流,Life of Pi,https://p0.meituan.net/movie/34998e31c6d07475f1add6b8b16fd21d192579.jpg@464w_644h_1e_1c,剧情;奇幻;冒险,李安,苏拉·沙玛;伊尔凡·可汗;塔布;拉菲·斯波;阿尤什·坦东;加塔姆·贝鲁尔;阿迪勒·侯赛因;阿伊·可汗;穆德·阿巴斯·卡勒里;维比什·希瓦库玛;热拉尔·德帕迪约;詹姆斯·塞托;俊·奈托;安德里亚·迪·斯戴法诺;沙拉万提·塞纳特;埃利·阿鲁夫;帕德米尼·拉姆康托;T·M·卡西克·司瑞尼瓦莎;阿玛伦·瑞米南;哈里·米那·巴拉;王柏杰;柯一正;黄健玮;拉维·纳塔森;艾德亚特·巴拉吉;基拉格·奥格沃;阿罕·安德烈·卡玛斯;欧姆·卡玛斯;斯瑞莱克·卡塔;沙瓦提·范·拉斯维克;M.吉尔萨那;英多莫汗·普尔尼玛;约瑟夫·尼西亚·B;沙姆克莎·S;A·戴娃·桑德里;G·瓦萨塔库马里;A·韦斯亚;马西里·普拉卡什;拉杰·帕特尔;哈迪西亚·哈米德;伊斯沃尔·撒里库玛;阿彦·汗;T.M. Karthik,8.9,,美国;中国台湾;英国;加拿大,2012-11-22,127
75,疯狂原始人,The Croods,https://p1.meituan.net/movie/bc022b86345c643ca21d759166f77a553679589.jpg@464w_644h_1e_1c,喜剧;动画;冒险,柯克·德·米科;克里斯·桑德斯,尼古拉斯·凯奇;艾玛·斯通;瑞安·雷诺兹;凯瑟琳·基纳;克萝丽丝·利奇曼;克拉克·杜克;兰迪·汤姆;梁家辉;范晓萱;黄晓明;克里斯·桑德斯,8.9,,美国,2013-04-20,98
51,哈利·波特与死亡圣器（下）,Harry Potter and the Deathly Hallows: Part 2,https://p1.meituan.net/movie/bb0eca029cd25329776a4549b3fbe262924727.jpg@464w_644h_1e_1c,剧情;悬疑;奇幻;冒险,大卫·叶茨,丹尼尔·雷德克里夫;鲁伯特·格林特;艾玛·沃特森;拉尔夫·费因斯;艾伦·瑞克曼;马修·刘易斯;汤姆·费尔顿;迈克尔·刚本;伊文娜·林奇;沃维克·戴维斯;詹森·艾萨克;海伦娜·伯翰·卡特;玛吉·史密斯;邦妮·怀特;大卫·休里斯;塞伦·希德;朱丽·沃特斯;乔治·哈里斯;凯莉·麦克唐纳;海伦·麦克洛瑞;约翰·赫特;Ian Peck;本杰明·劳斯欧弗;赫柏·贝尔德索尔;多姆纳尔·格里森;戴文·穆雷;杰西·卡芙;艾芙珊·阿扎德;伊莎贝拉·拉夫兰德;安娜·谢弗;乔治娜·雷尼达斯;弗雷迪·史卓玛;阿尔弗雷德·伊诺奇;梁佩诗;威廉姆·麦灵;Sian Grace Phillips;拉尔夫·尹爱森;Suzanne Toase;Graham Duff;吉姆·布劳德本特;斯嘉丽·伯恩;约书亚·赫德曼;Louis Cordice;Amber Evans;Ruby Evans;米瑞安·玛格莱斯;盖玛·琼斯;Jon Key;克蕾曼丝·波西;Anthony Allgood;鲁斯迪·戈夫;马克·威廉姆斯;詹姆斯·菲尔浦斯;奥利弗·费尔普斯;克里斯·兰金;大卫·布拉德利;盖伊·亨利;尼克·莫兰;娜塔丽·特纳;Philip Wright;Gary Sayer;Tony Adkins;大卫·勒格诺;Penelope McGhie;艾玛·汤普森;艾莉·达塞·阿登;Ariella Paradise;本尼迪特·卡拉克;莱斯利·菲利普斯;罗比·贾维斯;Rohan Gotobed;杰拉丁·萨莫维尔;阿德里安·劳林斯;Toby Papworth;罗彼·考特拉尼;加里·奥德曼;Peter G. Reed;Judith Sharp;埃米尔奥斯迪那;Bob Yves Van Hellenberg Hubar;Granville Saxton;Tony Kirwood;阿什利·马克圭尔;亚瑟·博文;Daphne de Beistegui;Will Dunn;Jade Gordon;博迪·吉尔伯特;Helena Barlow;肖恩·比格斯代夫;杰米·坎贝尔·鲍尔;卢克·纽伯里;Paul Davies;蒂莫西·斯波;瑞恩·特纳;本·诺斯弗德;乔恩·坎普林;乔什·赫德曼;Mark Williams;Phil Wright,8.9,,英国;美国,2011-08-04,130
73,十二怒汉,12 Angry Men,https://p0.meituan.net/movie/df15efd261060d3094a73ef679888d4f238149.jpg@464w_644h_1e_1c,剧情,西德尼·吕美特,亨利·方达;李·科布;马丁·鲍尔萨姆;杰克·瓦尔登;埃德·贝格利;约翰·菲德勒;杰克·克卢格曼;艾德·宾斯;约瑟夫·史威尼;乔治·沃斯科维奇;罗伯特·韦伯;鲁迪·邦德;James Kelly;Bill Nelson;John Savoca;E.G.马绍尔;尼基塔·米哈尔科夫;谢尔盖·加尔马什;阿列克谢·彼得连科;尤里·斯托亚诺夫;谢尔盖·加扎罗夫;米哈伊尔·叶夫列莫夫;罗曼·马佳诺夫,8.9,,美国,1957-04-13,96
56,致命魔术,The Prestige,https://p0.meituan.net/movie/83df1c541e6e0696e67ce7da81cb1e1a251258.jpg@464w_644h_1e_1c,剧情;悬疑;惊悚,克里斯托弗·诺兰,休·杰克曼;克里斯蒂安·贝尔;迈克尔·凯恩;斯嘉丽·约翰逊;派珀·佩拉博;Brian Tahash;Basil McCurry;Sam Menning;詹姆斯·兰开斯特;恩·赖特尔;拉什·费加;Kevin Will;Chris Cleveland;Sean Howse;爱德华·希伯特;Tim Pilleri;Erin Cipolletti;Rob Arbogast;Inna Swann;Clive Kennedy;Deanna Lynn Walsh;Wendy Rosoff;Jodi Bianca Wise;James Otis;Zoe Merg;Olivia Merg;Nikki Glick;Scott Davis;Julie Sanford;加里·西沃斯;Ezra Buzzington;Christopher Judges;Johnny Liska;Ernest Heinz;Jesse Wilde;马克·瑞安;冀朝理;瑞奇·杰;罗恩·帕金斯;John B. Crye;安迪·瑟金斯;克里斯托弗·尼姆;吉姆·皮多克;罗杰·里斯;丽贝卡·豪尔;安东尼·德·马克;杰米·哈里斯;Monty Stuart;萨曼塔·马霍林;Gregory Humphreys;J. Paul Moore;大卫·鲍伊;威廉姆·摩根·谢泼德;丹尼尔·戴维斯;Julia Sanford;Robert W. Arbogast,8.8,,美国;英国,2006-10-17,130
57,神偷奶爸,Despicable Me,https://p0.meituan.net/movie/85c2bfba6025bfbfb53291ae5924c215308805.jpg@464w_644h_1e_1c,喜剧;动画;冒险,克里斯·雷纳德;皮埃尔·柯芬,史蒂夫·卡瑞尔;杰森·席格尔;拉塞尔·布兰德;朱莉·安德鲁斯;威尔·阿奈特;克里斯汀·韦格;米兰达·卡斯格拉夫;达纳·盖尔;艾尔西·费舍尔;皮埃尔·柯芬;克里斯·雷纳德;杰梅奈·克莱门特;杰克·麦克布瑞尔;丹尼·麦克布莱德;敏迪·卡灵;罗布·许贝尔;郑肯;查尔斯·布赖特;凯蒂·丽;Ranjani Brow;斯科特·门维尔;霍利·多夫;伊迪·米尔曼;杰姬·戈诺;Al Rodrigo;Wendy Hoffman;Jakob Roston;詹姆斯·凯森·李;Hans Tester;Tony Lee;黛比·梅·卫斯特;肯·道里欧;欧阳娣娣;John Hans Tester,8.8,,美国;法国,2010-06-20,95
72,幽灵公主,もののけ姫,https://p0.meituan.net/movie/a08f65e6cb50fab32df5da69ff116f593095363.jpg@464w_644h_1e_1c,动画;奇幻;冒险,宫崎骏,松田洋治;石田百合子;田中裕子;小林薰;美轮明宏;西村雅彦;渡边哲;名古屋章;上条恒彦;岛本须美;藤贵子;吉莲·安德森;比利·克鲁德普;克莱尔·丹尼斯;明妮·德里弗;近藤芳正;贾达·萍克·史密斯;比利·鲍伯·松顿;刘易斯·阿盖特;科里·伯顿;凯斯·大卫;约翰·德米塔;黛比·德里贝里;约翰·迪·马吉欧;阿莱克斯·费尔南德斯;Jack Fletcher;Julia Fletcher;帕特·弗雷利;John Hostetter;Leslie Ishii;雪莉·琳恩;特蕾丝·麦克尼尔;玛丽·伊丽莎白·麦格林;Matthew McKenzie;迈克尔·麦克沙恩;Matt Miller;Marnie Mosiman;奥达曼·保罗;德怀特·舒尔茨;塔拉·斯特朗;K.T. Vogt;Jennifer Cihi;John Rafter Lee;森光子;冷泉公裕;森繁久弥;佐藤允;David Rasner;Jessica Lynn;马特·K·米勒;松田佑贵;帕梅拉·阿德龙;刘易斯·阿奎特;饭沼慧;都筑香弥子;Kazuya Kobayashi;松山鹰志;Akio Nakamura;坂本明;Fumio Ukibe;山本道子;藤卷直哉;Denise Poirier;斋藤志郎;菅原大吉;铃木敏夫;山本郁子;Kinu Yoshimi,8.9,,日本,1998-05-01,134
76,阿凡达,Avatar,https://p1.meituan.net/movie/e540384dc6c9f63bdb27cc554588a77f44305.jpg@464w_644h_1e_1c,动作;科幻;冒险,詹姆斯·卡梅隆,萨姆·沃辛顿;佐伊·索尔达娜;米歇尔·罗德里格兹;西格妮·韦弗;史蒂芬·朗;凯文·多曼;Jon Brent Curry;迪利普·劳;伊拉姆·崔;J. Patrick Pitts;Michael Blain-Rozgay;凯利·基尔戈;肖恩·帕特里克·墨菲;乔·大卫·摩尔;伍迪·舒尔茨;雅克布·托毛里;大卫·范·霍恩;杰森·怀特;卢克·霍克;彼得·狄龙;Chris Mala;Nicole Dionne;Sonia Yee;Kyla Warren;拉兹·阿隆索;吉奥瓦尼·瑞比西;彼得·门萨;斯科特·劳伦斯;肖恩·安东尼·莫兰;凯尔森·亨德森;马特·杰拉德;Julene Renee;希·庞德;韦斯·斯塔迪;泰瑞·诺塔里;Nikie Zambo;Brandon Jelkes;迪恩·诺斯利;约瑟夫·米卡-亨特;Jamie Harrison;Mike Bodnar;Jahnel Curfman;艾丽西娅·维拉-贝利;黛布拉·威尔逊;Nathan Meister;詹姆斯·盖林;马修张伯伦;凯·潘塔诺;Logan Pithyou;Lisa Roumain;Austin Wilson;Sara Wilson;Joseph Brady Madden;Frankie Torres;Julie Lamm;Cullen B. Madden;Taylor Kibby;Jodie Landau;Melvin Leno Clark III;Wray Wilson;Paul Yates;Gerry Blair;Lucy Briant;Tamica Washington-Miller;April Thomas;理查德·怀特赛德;Micah Moch;Carvon Futrell;Allan Henry;Anthony Ingruber;Jodie Taylor;Raja;Bravita A. Threatt;Christa Oliver;Christopher Nolen;Hanniyah Muhammad;Colin Bleasdale;Matt Clayton;Ashley Jeffery;Gareth Ruck;Rhian Sheehan;Stuart Pollock;T.J. Storm;拉斯科·阿特金斯;Tim Mansell;Ken Ohara;Luis G. Portillo;詹姆斯·皮特;乔尔·摩尔,8.9,,美国;英国,2010-01-04,162
77,哈尔的移动城堡,ハウルの動く城,https://p0.meituan.net/movie/0127b451d5b8f0679c6f81c8ed414bb2432442.jpg@464w_644h_1e_1c,动画;奇幻;冒险,宫崎骏,倍赏千惠子;木村拓哉;美轮明宏;我修院达也;神木隆之介;伊崎充则;大泉洋;原田大二郎;加藤治子;劳伦·白考尔;户次重幸;克里斯蒂安·贝尔;比利·克里斯托;布莱思·丹纳;布里奇特·霍夫曼;乔什·哈切森;吉娜·马隆;艾米莉·莫迪默;简·西蒙斯;Mari Devon;卡洛斯·阿拉斯拉奇;纽威尔·亚历山大;Rosemary Alexander;Julia Barnett;Susan Blakeslee;Leslie Carrara;Mitch Carter;大卫·考吉尔;霍利·多夫;摩西·德里耶;艾克·艾森曼;克里斯平·弗里曼;威尔·弗里德尔;苏菲·格拉宝;理查德·史蒂文·霍维茨;Sherry Hursey;霍普·利维;Christina MacGregor;乔尔·麦克拉里;伊迪·米尔曼;莉莉娜·穆米;达兰·诺里斯;Pete Renaday;Kristen Rutherford;Mark Silverman;Warren Sroka;科妮莉亚·达尔格林;大塚明夫;都筑香弥子;森崎博之;安田显;菅野莉央;彼得·雷纳迪;迪·布拉雷·贝克尔;Victor Emanuel;斯科特·麦克菲;João Secundino;São José Correia;Rui de Sá;Albano Jerónimo;Márcia Leal;Manabu Muraji;Joana Seixas,8.9,,日本,2004-09-05,119
74,搏击俱乐部,Fight Club,https://p0.meituan.net/movie/b3defc07dfaa1b6f5b74852ce38a3f8f242792.jpg@464w_644h_1e_1c,剧情;动作;悬疑;惊悚,大卫·芬奇,爱德华·哈里森·诺顿;布拉德·皮特;海伦娜·伯翰·卡特;米特·洛夫;扎克·格雷尼尔;里奇蒙德·阿奎特;大卫·安德鲁;乔治·马奎尔;欧根妮·邦杜兰特;Christina Cabot;Sydney 'Big Dawg' Colston;Rachel Singer;Christie Cronenweth;蒂姆·德·赞;Ezra Buzzington;Dierdre Downing-Jackson;鲍勃·斯蒂芬森;Charlie Dell;罗布·兰扎;大卫·李·史密斯;霍特·麦克卡兰尼;乔伊·比索奈特;艾恩·贝利;Evan Mirand;罗比·罗宾逊;Lou Beatty Jr.;Thom Gossom Jr.;瓦莱丽·比克福德;杰瑞德·莱托;Peter Iacangelo;Carl Ciarfalio;斯图尔特·布朗伯格;托德·皮尔斯;马克·菲特;马特·温斯顿;金在骏;Bennie Moore;劳伦·桑切斯;帕特·麦克纳马拉;Tyrone R. Livingston;欧文·马斯特森;大卫·吉恩·托马斯;保罗·卡拉夫特斯;克里斯托弗·约翰·菲尔兹;Anderson Bourell;Scotch Ellis Loring;迈克尔·肖姆斯·维尔斯;Andi Carnick;爱德华·科瓦尔奇克;伦纳德·特莫;Van Quattro;Markus Redmond;迈克尔·吉拉尔丹;保罗·狄龙;Baron Jay;Marcio Rosario;Eddie Hargitay;Brian Tochi;Matt Cinquanta;Tom Dallace;Gökhan Öncel;格雷戈里·席尔瓦;Alekxia Valdez;J.T. Pontino;Chad Randau;吉姆詹金斯;菲尔霍恩;迈克尔·阿瑟;Kevin Scott Mack;贾瓦拉;Hugh Peddy;路易斯·奥尔蒂斯;Tom Falzone;Trey Ore;Michael Zagst;Edward Kowalczyk,8.9,,美国;德国,1999-09-10,139
59,怦然心动,Flipped,https://p0.meituan.net/movie/15f1ac49b6d1ff7b71207672993ed6901536456.jpg@464w_644h_1e_1c,剧情;喜剧;爱情,罗伯·莱纳,玛德琳·卡罗尔;卡兰·麦克奥利菲;艾丹·奎因;瑞贝卡·德·莫妮;安东尼·爱德华兹;约翰·马奥尼;佩内洛普·安·米勒;凯文·韦斯曼;摩根·莉莉;瑞安·克茨纳;斯戴芬妮·斯考特;伊瑟尔·布罗萨德;Inga R. Wilson;Joseph Varsanik;Ruth Crawford;Linda Auwers;肖恩·哈珀;Jake Reiner;Wallace Bridges;Quintin Hicks;阿什莉·泰勒;艾莉·布莱恩特;泰勒·格鲁秀斯;杰奎琳·埃沃拉;博·勒纳;迈克尔·博萨;吉莉安·普法夫;迈克尔·博尔顿;Frankie Potochick;科迪·霍恩;Tristan DeRoches;帕特丽夏·伦茨;Tyler Martin Moylan;Katelyn Pacitto;Scott Joel Gizicki;Rod Myers;Hahn Cho;Julia Hershey;Sydney Lumbert;Spencer Rohatynski;Chase Gall;马修·戈尔德;阿罗拉·凯瑟琳·史密斯;凯莉·唐纳利;索菲亚·撒高;Kara Pacitto;阿拉米斯·奈特;米歇尔·梅斯默;Clarinda Ross,8.8,,美国,2010-07-26,90
37,窃听风暴,Das Leben der Anderen,https://p0.meituan.net/movie/3985eaf3858bea0f2a3d966bf7ee2103178217.jpg@464w_644h_1e_1c,剧情;悬疑,弗洛里安·亨克尔·冯·多纳斯马尔克,乌尔里希·穆埃;塞巴斯蒂安·科赫;马蒂娜·格德克;乌尔里希·图库尔;托马斯·蒂梅;汉斯-尤韦·鲍尔;路德韦格·布洛克伯格;托马斯·阿诺德;玛丽·格鲁伯;Volker Michalowski;迈克尔·格伯;克劳斯·芒斯特;巴斯蒂安·特罗斯特;赫伯特·克瑙普;保罗·法格斯纳赫特;辛纳克·勋纳曼;Werner Dähn;马丁·布拉巴赫;沃克马·克莱纳特;查理·哈纳;Sheri Hagen;Harald Polzin;Fabian von Klitzing;Gabi Fleming;Susanna Kraus;胡伯图斯·哈特曼;Ralf Ehrlich;Paul Maximilian Schüller;马提亚斯·布伦纳;伊嘉·比肯费尔德;吉塔·施维赫夫;希尔德加德·斯罗德;凯·伊沃·保利兹;Elja-Dusa Kedves;Anabelle Munro;Ernst-Ludwig Petrowsky;Manfred Ludwig Sextett;Philipp Kewenig;Jens Wassermann;维尔纳·德恩,8.8,,德国,2006-03-23,137
60,驯龙高手,How to Train Your Dragon,https://p0.meituan.net/movie/b0d97e4158b47d653d7a81d66f7dd3092146907.jpg@464w_644h_1e_1c,喜剧;动画;奇幻;冒险,迪恩·德布洛斯;克里斯·桑德斯,杰伊·巴鲁切尔;杰拉德·巴特勒;亚美莉卡·费雷拉;克雷格·费格森;乔纳·希尔;克里斯托夫·梅兹-普莱瑟;克里斯汀·韦格;T·J·米勒;基隆·埃利奥特;罗宾·阿特金·唐斯;菲利普·麦格雷德;阿什利·詹森;彼得·奥德;Rasmus Ellersgaard;罗伯特·汉森;Julian Eliot Kellerman;Sasia Mølgaard;Niclas Mortensen;尼尔斯·奥尔森;Özlem Saglanmark;大卫·田纳特,8.8,,美国,2010-05-14,98
32,忠犬八公物语,ハチ公物語,https://p0.meituan.net/movie/2d42e00d7ee59ff5bd574f93b8558aa726665.jpg@464w_644h_1e_1c,剧情,神山征二郎,仲代达矢;春川真澄;井川比佐志;石仓三郎;石野真子;泉谷茂;片桐入;加藤登纪子;加藤嘉;岸部四郎;三木纪平;长门裕之;尾美利德;菅井琴;高桥长英;田村高广;殿山泰司;浦边粂子;八千草薰;山本圭;山城新伍;柳叶敏郎;黑田亚瑟;Takuji Aoki;Norinobu Kodama,8.8,,日本,1987-08-01,107
31,辩护人,변호인,https://p0.meituan.net/movie/1433d81b10d116239dbbf02a06ac3c19265682.jpg@464w_644h_1e_1c,剧情,杨宇硕,宋永彰;吴达洙;郭度沅;宋康昊;柳秀荣;金英爱;任时完;车光洙;Ki-Jung Han;李星民;李真熙;朴成根;赵莞基;李杭娜;薛昌熙;赵敏基;杨明宪;韩基重;全光镇;黄健;Jung Hyun Choi;张利雨;李率求;权五镇;沈熙燮;郑元中;刘河福;郑俊元;朴修荣;曹善默;郭道元;Kwang-Jin Jeon;李静恩,8.8,,韩国,2013-12-18,127
58,断背山,Brokeback Mountain,https://p0.meituan.net/movie/e71affe126eeb4f8bfcc738cbddeebc8288766.jpg@464w_644h_1e_1c,剧情;爱情;家庭,李安,希斯·莱杰;杰克·吉伦哈尔;米歇尔·威廉姆斯;兰迪·奎德;安妮·海瑟薇;凯特·玛拉;格拉汉姆·贝克尔;大卫·哈伯;罗伯塔·马克斯韦尔;皮特·麦克罗比;安娜·法瑞丝;琳达·卡德里尼;Jayson Therrien;Tyson Wiebe;Mary McBride;罗德里戈·普列托;Cam Sutherland;Jon-Paul Khouri;Christian Fraser;Will Martin;杰克·丘奇;夏恩·希尔;Cayla Wolever;Jerry Callaghan;Jacey Kenny;Pete Seadon;Keanna Dubé;Steffen Cole Moser;Kade Philps;Mary Liboiron;Gary Lauder;Dean Barrett;Duval Lang;Don Bland;Dan McDougall;Lachlan Mackintosh;David Trimble;Victor Reyes;肯·罗伯茨;艾瑞卡·沃尔特;凯林·西;巴布·米切尔;汤姆·凯瑞;马蒂·安东尼尼;James Baker;Valerie Planche;Sarah Hyslop;史蒂文·克里·莫利森;布鲁克琳·普劳克斯;斯科特·迈克尔·坎贝尔;Hannah Stewart;Ken Zilka;John Tench;Larry Reese;Dave Trimble;大卫·达斯马齐连;Kade Phillips,8.8,,美国;加拿大,2005-09-02,134
41,萤火之森,蛍火の杜へ,https://p1.meituan.net/movie/4c55f3bf5fa9660db3cb7014651a0950267034.jpg@464w_644h_1e_1c,剧情;爱情;动画;奇幻,大森贵弘,内山昂辉;佐仓绫音;Izumi Sawada;山本兼平;辻亲八;Hayato Taya;内田麻美,8.8,,日本,2011-09-17,45
33,海豚湾,The Cove,https://p0.meituan.net/movie/eb2ea56996f21e7fb47b1a0736c7f177258901.jpg@464w_644h_1e_1c,纪录片,路易·西霍尤斯,里克·奥巴瑞;路易·西霍尤斯;哈迪·琼斯;森下助二;Greg 'Moondog' Mooney;Lesley Vogel;James Triglone;Angie Takanami;Kuni Takanami;Seamon;James Pribham;Karina Petroni;Jeff Pantukhoff;Owen J. Newcomb;Karlee Mackie;Andrew Lucas;Justin Krumb;Chris Lane;Hannah Fraser;Peter Heller;Howie Cooke;James Cox;Steven Barilotti;Shannon Sol Carroll;Atherton Martin;Deborah Basset;John Potter;John Fuller;C. Scott Baker;Brook Aitken;Dan Goodman;Tetsuya Endo;海顿·潘妮蒂尔;伊莎贝尔·卢卡斯;Kirk Krack;Mandy-Rae Cruikshank;Hideki Moronuki;Roger Payne;Kazutaka Sangen;Hayato Sakurai;Joe Chisholm;Simon Hutchins;Doug DeMaster;Paul Watson;Charles Hambleton;Dave Rastovich;Ian Campbell;迈克尔·利弗;Richard O'Barry;Hans Peter Roth,8.8,,美国,2009-07-31,92
91,哈利·波特与魔法石,Harry Potter and the Sorcerer's Stone,https://p0.meituan.net/movie/d66b56b77b55aa3da5987b68948444c9106742.jpg@464w_644h_1e_1c,奇幻;冒险,克里斯·哥伦布,丹尼尔·雷德克里夫;鲁伯特·格林特;艾玛·沃特森;理查德·哈里斯;玛吉·史密斯;罗彼·考特拉尼;费奥纳·肖;哈利·米尔林;理查德·格雷弗斯;伊恩·哈特;约翰·赫特;杰拉丁·萨莫维尔;朱丽·沃特斯;汤姆·费尔顿;莱斯利·菲利普斯;约翰·克立斯;艾伦·瑞克曼;肖恩·比格斯代夫;阿德里安·劳林斯;Derek Deadman;威勒·特耶;理查德·布雷默;邦妮·怀特;克里斯·兰金;詹姆斯·菲尔浦斯;奥利弗·费尔普斯;马修·刘易斯;杰米·威莱特;约书亚·赫德曼;戴文·穆雷;阿尔弗雷德·伊诺奇;埃莉诺·哥伦布;特伦斯·贝勒;Simon Fisher-Becker;妮娜·扬;大卫·布拉德利;沃维克·戴维斯;伊丽莎白·斯普里格斯;Danielle Tabor;雷·费隆;Harry Taylor;Emily Dale;Leilah Sutherland;Scott Fern;David Holmes;Jean Southern;Ben Borowiecki;卢克·扬布拉德;佐伊·沃纳梅克;Saunders Triplets;Will Theakston;乔什·赫德曼;Scot Fearn,9.0,,美国;英国,2002-01-26,152
1,霸王别姬,Farewell My Concubine,https://p0.meituan.net/movie/ce4da3e03e655b5b88ed31b5cd7896cf62472.jpg@464w_644h_1e_1c,剧情;爱情,陈凯歌,张国荣;张丰毅;巩俐;吕齐;英达;葛优;雷汉;童弟;尹治;马明威;赵海龙;费振翔;李丹;杨永超;黄斐;蒋雯丽;智一桐;李春;吴大维;黄磊;宋小川;张进战;关之琳;毛舜筠;吴君如;黄百鸣;吴孟达;卢敏仪;杨立新;方征,9.5,,中国大陆;中国香港,1993-07-26,171
38,时空恋旅人,About Time,https://p0.meituan.net/movie/6d8491386d07cda91967a6fbbd0d0788294693.jpg@464w_644h_1e_1c,喜剧;爱情;奇幻,理查德·柯蒂斯,瑞秋·麦克亚当斯;多姆纳尔·格里森;比尔·奈伊;玛歌特·罗比;汤姆·霍兰德;琳赛·邓肯;内芙·加切夫;凡妮莎·柯比;李·阿斯奎斯-柯;安部春香;汤姆·休斯;李·尼古拉斯·哈里斯;丽莎·艾科恩;凯瑟琳·斯戴曼;Nichola Marie Fynn;维尔·梅里克;保罗·布莱克维尔;罗薇娜·戴蒙德;莉迪亚·威尔逊;马修·C·马蒂诺;黛博拉·罗桑;约翰·达根;米切尔·马伦;格拉姆·柯里;理查德·赫德曼;哈利·海顿-佩顿;Lilian Price;艾薇·维;理查德·科德里;Greg Bennett;阿曼达·伦贝里;Cleo Bianca Anderson;Morris Minelli;利昂·科尔宾;吉诺·皮恰诺;Neil Alexander Smith;Kris Dillon Jr.;乔什·麦吉尔;Katherine Denkinson;朱莉·沃洛诺;John Harley;Glenn Webster;Luke Howard;Catherine Delaloye;Eva Dagoo;Benjay X Murphy;Freddie-Joe Twine;西蒙娜·利伯曼;Matt Butcher;马汀·麦格;珍妮·莱恩斯福德;Robby Haynes;Natasha Powell;Jon Wennington;Clemmie Dugdale;Ricky Rajpal;Murray Close;理查德·班克斯;Lisa Byrne;Fran Bennett;Martyn Moore;菘龙忠;Fiaz Ali;Aisling Hughes;Bhanu Alley;Olivia Konten-Sloman;Andrew Yiallouros;Habib Anibaba;Tiger Rudge;Sara Heller;Natasha Manu;Guglielmo Richards;Sophie Brown;Georgie Westall;Paige Segal;Katharine Blackshaw;David Golt;Kas Graham;Lew Smart;Alex Tutusaus;理查德·E·格兰特;理查德·格雷弗斯;Pal Aron;Mark Healy;Kenneth Hazeldine;Matilda Sturridge;菲利普-沃斯;Tom Godwin;Ben Benson;Andrew Martin Yates;Verity Fullerton;Veronica Owings;Jaiden Dervish;Jacob Francis;Jago Freud;Ollie Phillips;Sophie Pond;Kirsty Anne Symonds;艾莉克丝摩尔;Molly Seymour;汤姆·斯托顿;Rebecca Chew;Jon West;Graham Richard Howgego;Kerrie Liane Studholme;Barbar Gough;Jon Boden;Charlie Curtis;约书亚·麦圭尔;贝恩·科拉科;迪诺·法赞尼;李仙湖,8.8,,英国,2013-09-04,123
52,甜蜜蜜,Comrades: Almost a Love Story,https://p1.meituan.net/movie/0b0d45b58946078dd24d4945dd6be3b51329411.jpg@464w_644h_1e_1c,剧情;爱情,陈可辛;赵良骏,黎明;张曼玉;曾志伟;张同祖;杜可风;杨恭如;丁羽;米歇尔·加布里埃尔;孙亚莉;诸慧荷;莱恩·伯迪克;梁燕;金青元;丁佩静;秦永昇;周健;王立;孙亚昇;姚吉;Jane Choi;Heather Traber;Robin Gold;Chi Ming Woo;Pui-jing Ding;吴里璐;关信辉;孙亚莉,8.9,,中国香港,2015-02-13,118
36,7号房的礼物,7번방의 선물,https://p1.meituan.net/movie/a53a0200eba15ba483c905c872db9bf4331099.jpg@464w_644h_1e_1c,剧情;喜剧;家庭,李焕庆,柳承龙;郑镇荣;朴信惠;葛素媛;金正泰;吴达洙;朴元尚;郑涵妃;金基灿;郑满植;卢康民;吴昌庆;赵德贤;全宪泰;崔录运;金基天;吕茂英;郑熙泰;韩成勇;赵在允;尹善宇;Ye-Seo Kang;Se-dong Kim;李沇熹;Chang-kyung Oh;朴相勉;Moo-yeong Yeo;Ki-chun Kim;李胜妍;朴吉秀;Lee-woo Song;Sun-Woo Yoon,8.8,,韩国,2013-01-23,127
25,爱·回家,집으로...,https://p0.meituan.net/movie/de1142a5dceb901eb939eb0bcfc2f88470909.jpg@464w_644h_1e_1c,剧情;家庭,李廷香,俞承豪;金艺芬;童孝熙;闵京勋;任恩敬,9.1,,韩国,2002-04-05,80
22,海洋,Océans,https://p1.meituan.net/movie/a19a7f64a10e133b68de87d2f3bc46f3111417.jpg@464w_644h_1e_1c,纪录片,雅克·贝汉;雅克·克鲁奥德,雅克·贝汉;姜文;兰斯洛特·佩林;宫泽理惠;皮尔斯·布鲁斯南;阿尔多;小佩德罗·阿门达里斯;马蒂亚斯·勃兰特;Manolo Garcia,9.1,,法国;瑞士;西班牙;美国;阿联酋,2011-08-12,104
26,龙猫,となりのトトロ,https://p0.meituan.net/movie/c304c687e287c7c2f9e22cf78257872d277201.jpg@464w_644h_1e_1c,动画;冒险;奇幻;家庭,宫崎骏,秦岚;糸井重里;岛本须美;千叶繁;中村大树;大谷育江;日高法子;坂本千夏;北林谷荣;高木均;丸山裕子;鹫尾真知子;广濑正志;西村朋纮;铃木玲子;雨笠利幸;平松晶子;鳕子;神代知衣;水谷优子;龙田直树;石田光子;帕特·卡洛尔;蒂姆·达利;达科塔·范宁;艾丽·范宁;丽娅·萨隆加;谢丽尔·蔡斯;Lara Cody;弗兰克·维尔克;娜塔莉·可儿;肯尼斯·哈特曼;亚历山德·肯沃西;史蒂夫·克莱默;Aline Leslie;丽莎·迈克尔逊;Ashley Rose;凯特琳·彼得森;Evan Sabara;布瑞安·西尔多;格莱格·斯奈哥夫;保罗·布切;Yvonne Russo;Matt Adler;大卫·米德桑德;J·P·马诺克斯;凯斯·索西;露西·泰勒;彼得·雷纳迪;Kimberly Guerrero;扎恩·迈克拉农;纽威尔·亚历山大;Kristin Klabunde;罗伯特·克洛特沃西;布里奇特·霍夫曼;Melanie MacQueen,9.1,,日本,2018-12-14,86
29,完美的世界,A Perfect World,https://p1.meituan.net/movie/30310858fdab34c7a17cfd7ec8ad8bfc112201.jpg@464w_644h_1e_1c,剧情;犯罪,克林特·伊斯特伍德,凯文·科斯特纳;克林特·伊斯特伍德;T·J·劳瑟;劳拉·邓恩;布莱德利·惠特福德;布鲁斯·麦克吉尔;基斯·斯扎拉巴基克;里奥·伯梅斯特;Paul Hewitt;雷·迈克金农;Jennifer Griffin;达里尔·考克斯;Mark Voges;Vernon Grote;James Jeter;Ed Geldart;Nik Hagler;Gary Moody;玛丽埃塔·马利奇;罗杰·博伊斯;Lucy Lee Flippin;Elizabeth Ruscio;加布里埃尔·福尔斯;Gil Glasgow;丹尼斯莱茨;John Hussey;Margaret Bowman;约翰·M·杰克逊;Cameron Finley;马可·佩雷拉;Linda Hart;布兰顿·史密斯;乔治·奧瑞森;Wayne Dehart;玛丽·爱丽丝;凯文·贾马尔·伍德斯;Tony Frank;Woody Watson;James W. Gavin;Craig Hosking;吉米·雷·皮肯斯;利比·维拉利;Greg Stechman;George Haynes;Christopher Reagan Ammons;Connie Cooper;David Kroll;David Stanford;Katy Wottrich;Belinda Flowers;Leslie Flowers;Taylor Suzanna McBride;Jay Whiteaker,8.8,,美国,1993-11-24,138
16,一一,Yi yi: A One and a Two,https://p0.meituan.net/movie/6cb23356f9d8e0b506349561c633310d102189.jpg@464w_644h_1e_1c,剧情;爱情;家庭,杨德昌,吴念真;金燕玲;李凯莉;林孟瑾;张洋洋;陈以文;柯宇纶;唐如韫;杨德昌;萧淑慎;尾形一成;陈希圣;张育邦;徐淑媛;曾心怡;许安安;柯素云;Kai-Li Peng;唐从圣;戴立忍;陶传正;孙法钧;江惠惠;李永丰;津田健次郎;宋少卿;刘亮佐;范瑞君;Chi-Tung Yu;罗北安;邓安宁;杨淇;Kiyotaka Ueno;Christian Storms;Shi-hui Chin;Kuo-Chih Shu;Mei-Yun Yu;Antonio Lee;Yuen-Cheng Cheng;苗子杰;李键昌;徐珪莹;Shih-Ping Yang;杨谨华;Cheng-Wan Pieh;Shih-hue Tu;毛训容,8.8,,中国台湾;日本,2000-05-15,173
17,美丽人生,La vita è bella,https://p1.meituan.net/movie/580d81a2c78bf204f45323ddb4244b6c6821175.jpg@464w_644h_1e_1c,战争;剧情;爱情,罗伯托·贝尼尼,罗伯托·贝尼尼;尼可莱塔·布拉斯基;乔治·坎塔里尼;朱斯蒂诺·杜拉诺;赛尔乔·比尼·布斯特里克;玛丽萨·帕雷德斯;霍斯特·布赫霍尔茨;利迪娅·阿方西;朱利亚娜·洛约迪切;亚美利哥·丰塔尼;彼得·德·席尔瓦;弗朗西斯·古佐;拉法埃拉·莱博罗尼;克劳迪奥·阿方西;吉尔·巴罗尼;马西莫·比安奇;于尔根·博恩;维蕾娜·布拉蒂;罗伯特·卡梅罗;恩尼奥·孔萨尔维;吉安卡尔洛·科森蒂诺;亚伦克·雷格;Alfiero Falomi;Daniela Fedtke;Antonio Fommei;Stefano Frangipani;Ernst Frowein Holger;Alessandra Grassi;Hannes Helmann;Wolfgang Hillinger;Margareta Lucia Krauss;Patrizia Lazzarini;Maria Letizia;Concetta Lombardo;Maria Rita Macellari;Carlotta Mangione;Francesca Messinese;弗兰科·梅斯科利尼;Inger Lise Middelthon;Andrea Nardi;Günther Pfanzelter;Cristiana Porchiella;安东尼奥·普雷斯特;吉娜·诺维勒;Laura Rudeberg;Massimo Salvianti;理查德·塞梅尔;James Schindler;安德烈提多娜;迪尔克·范登贝格;Giovanna Villa;Roberto Dell'Acqua;Katia Crispino;奥梅罗·安东努蒂;阿伦·克雷格;汉尼斯·赫尔曼;李靖飞;Laura Susanne Ruedeberg;James Falzone;Daniela Fedke,9.1,,意大利,2020-01-03,116
80,拯救大兵瑞恩,Saving Private Ryan,https://p1.meituan.net/movie/a2a287c77415dc1f85b04d288f7d63ab1089754.jpg@464w_644h_1e_1c,剧情;历史;战争,史蒂文·斯皮尔伯格,汤姆·汉克斯;马特·达蒙;汤姆·塞兹摩尔;亚当·戈德堡;爱德华·伯恩斯;范·迪塞尔;巴里·佩珀;吉奥瓦尼·瑞比西;杰瑞米·戴维斯;保罗·吉亚玛提;克里·约翰逊;约翰·沙拉恩;哈里逊·杨;特德·丹森;丹尼斯·法里纳;Joerg Stadler;麦克斯·马蒂尼;丹兰·布鲁诺;丹尼尔·切尔奎拉;迪米特里·格里特萨斯;Ian Porter;Gary Sefton;Julian Spencer;史蒂夫·格里芬;William Marsh;Marc Cass;Markus Napier;彼得·迈尔斯;Paul Garcia;Seamus McQuade;Ronald Longridge;亚当·肖;罗尔夫·萨克森;洛克兰·艾肯;John Barnett;Maclean Burke;维克多·布克;Aiden Condron;Paschal Friel;Shane Hagan;Paul Hickey;尚恩约翰逊;莱尔德·曼辛托斯;Brian Maynard;Martin McDougall;Mark Phillips;Lee Rosen;安德鲁·斯科特;马修·夏普;文森特·沃尔什;Grahame Wood;Glenn Wrage;Crofton Hardester;马丁·哈伯;罗非洛·迪格托勒;尼吉尔·怀尼;Sam Ellis;恩里奇·雷德曼;Tilo Keiner;Stephan Grothgar;Stephane Cornicard;米歇尔·埃文斯;Martin Beaton;Anna Maguire;内森·菲利安;利兰·奥瑟;Michael Mantas;大卫·维格;瑞恩·赫斯特;Nick Brooks;Sam Scudder;John Walters;Dorothy Grumbar;James Innes-Smith;哈威·普雷斯内尔;代尔·戴;布莱恩·科兰斯顿;大卫·沃尔;埃里克·罗兰;Valerie Colgan;Amanda Boxer;凯思琳·拜荣;Rob Freeman;Thomas Gizbert;约翰·德·兰西;詹姆斯·恩布里;Declan Geraghty;Nina Muschallik;Neil Finnighan;Taylor Murphy;文森特·温特莱斯卡;德里克·李;若昂·科斯塔·梅内塞斯;Paul Sacks;马克·施泰因迈尔;Leo Stransky;Lee Aaron Rosen,8.9,,美国,1998-11-13,169
61,飞屋环游记,Up,https://p0.meituan.net/movie/f9356a376358f1576da3263d998eca7a94624.jpg@464w_644h_1e_1c,剧情;喜剧;动画;冒险,彼特·道格特;鲍勃·彼德森,爱德华·阿斯纳;乔丹·长井;鲍勃·彼德森;克里斯托弗·普卢默;戴尔里·林多;约翰·拉岑贝格;杰罗姆·兰福特;大卫·卡耶;米凯·麦高万;丹尼·曼恩;唐纳德·富利洛夫;杰斯·哈梅尔;乔什·库雷;艾丽·道克特;杰里米·利里;马克·安德鲁斯;布兰达∙查普曼;鲍伯·伯根;雪莉·琳恩;特蕾莎·甘泽尔;Bob Scott;托尼·弗希勒;瓦莱丽·拉普安特;Emma Coats;泰迪·牛顿;杰夫·皮金;约翰·齐甘;扬·拉布森;拉瑞恩·纽曼;保罗·伊丁;Sebastian Warholm;彼特·道格特;马克∙安德鲁斯,8.8,,美国,2009-08-04,96
15,借东西的小人阿莉埃蒂,借りぐらしのアリエッティ,https://p1.meituan.net/movie/640cc32445df972b066c9a04b194da141104515.jpg@464w_644h_1e_1c,动画;奇幻;冒险,米林宏昌,志田未来;神木隆之介;大竹忍;三浦友和;竹下景子;树木希林;藤原龙也;威尔·阿奈特;卡罗尔·博内特;凯瑞·柯克帕特里克;Dale Sison;奥莉薇娅·柯尔曼;Ray Gillon;Gracle Poletti;西尔莎·罗南;菲丽达·劳;汤姆·赫兰德;皮特·杰森;莫伊塞斯·阿里亚斯;卢克·阿伦-盖尔;艾米·波勒;史蒂夫·阿尔珀特;布丽奇·门德勒;马克·斯特朗;弗兰克·马歇尔;羽鸟慎一;杰拉尔丁·麦克伊万;大卫·亨瑞,8.8,,日本,2010-07-17,94
24,阿飞正传,Days of Being Wild,https://p0.meituan.net/movie/85215b28d568ea8e2c97766edd95f890210522.jpg@464w_644h_1e_1c,剧情;爱情;犯罪,王家卫,张国荣;张曼玉;刘德华;刘嘉玲;张学友;潘迪华;梁朝伟;Danilo Antunes;Hung Mei-Mei;Ling-Hung Ling;Tita Muñoz;阿莉西亚·阿隆索;Elena Lim So;Maritoni Fernandez;Angela Ponos;Nonong Talbo;Mei-Mei Hung,9.1,,中国香港,2018-06-25,94
39,穿条纹睡衣的男孩,The Boy in the Striped Pajamas,https://p1.meituan.net/movie/d5970e36c8868a4b746c80f3b3f8a404174615.jpg@464w_644h_1e_1c,剧情;战争,马克·赫尔曼,阿沙·巴特菲尔德;维拉·法梅加;大卫·休里斯;鲁伯特·弗兰德;杰克·塞隆;卡拉·霍根;理查德·约翰逊;大卫·海曼;谢拉·汉考克;安贝尔·比蒂;祖萨·霍尔;拉斯洛·阿隆;Henry Kingsmill;Zac Mattoon O'Brien;Gábor Harsai;贝拉·费斯彼姆;Domonkos Németh;阿提拉·埃杰德;伊凡·弗雷贝利;Charlie Baker;拉斯洛·纳道希;László Quitt;米哈利·绍鲍多什;泽索特·萨法尔·科夫卡;吉姆·诺顿;奥索利亚·茱莉娅·帕普,8.8,,英国;美国,2008-08-28,94
35,恐怖直播,더 테러 라이브,https://p0.meituan.net/movie/1da0af2570fe697d38c4a37fdfded19b254936.jpg@464w_644h_1e_1c,剧情;悬疑;犯罪,金秉宇;金秉祐,河正宇;李璟荣;李大为;金弘波;金素真;崔镇浩;Sung-chun Han;全惠真;Da-wit Lee;全慧珍;Jung Hyun Choi;崔代勋;姜信哲;韩成天;孙成灿;金海仁;崔德门;So-jin Kim,8.8,,韩国,2013-07-31,97
92,指环王3：王者无敌,The Lord of the Rings: The Return of the King,https://p0.meituan.net/movie/932bdfbef5be3543e6b136246aeb99b8123736.jpg@464w_644h_1e_1c,剧情;动作;奇幻;冒险,彼得·杰克逊,伊莱贾·伍德;伊恩·麦克莱恩;丽芙·泰勒;维果·莫腾森;西恩·奥斯汀;凯特·布兰切特;约翰·瑞斯-戴维斯;伯纳德·希尔;克里斯托弗·李;比利·博伊德;多米尼克·莫纳汉;奥兰多·布鲁姆;雨果·维文;米兰达·奥图;大卫·文翰;布拉德·道里夫;卡尔·厄本;约翰·诺贝尔;安迪·瑟金斯;伊安·霍姆;肖恩·宾;劳伦斯·马克奥雷;Paul Norell;马尔顿·索克斯;萨拉·贝克;David Aston;乔尔·托贝克;约翰·贝西;史蒂芬·乌瑞;萨德文·布罗菲;Noel Appleby;阿利斯泰尔·布朗宁;亚里桑德拉·奥斯汀;Richard Edge;Jason Fitch;布鲁斯·霍普金斯;Ian Hughes;布雷特·麦肯齐;Sarah McLeod;Maisie McLeod-Riera;布鲁斯·菲利普斯;沙恩·朗吉;Todd Rippon;Thomas Robins;Harry Sinclair;Peter Tait;阿兰·霍华德;Robert Pollock;Ross Duncan;佩特·史密斯;杰德·布罗菲;李·哈特利;比利·杰克逊;凯蒂·杰克逊;布鲁斯·斯宾斯;Jørn Benzon;Royd Tolkien;Alexandra Astin;彼得·杰克逊;Maisy McLeod-Riera;肖恩·奥斯汀;米兰达·奥托;伊恩.霍姆;菲利普·格里夫,9.0,,美国;新西兰,2004-03-15,201
46,新龙门客栈,New Dragon Gate Inn,https://p1.meituan.net/movie/7833126c8c21a11571bb52fbdece0acb811449.jpg@464w_644h_1e_1c,动作;爱情;武侠;古装,李惠民;姜明海,张曼玉;梁家辉;甄子丹;刘洵;吴启华;熊欣欣;袁祥仁;任世官;元彬;徐锦江;王彤川;郑希怡;林青霞;施懿,8.9,,中国香港;中国大陆,2012-02-24,88
97,天空之城,天空の城ラピュタ,https://p1.meituan.net/movie/ba1ed511668402605ed369350ab779d6319397.jpg@464w_644h_1e_1c,动画;奇幻;冒险,宫崎骏,寺田农;鹫尾真知子;龟山助清;铃木玲子;林原惠美;关俊彦;鳕子;安娜·帕奎因;克萝丽丝·利奇曼;安迪·迪克;马克·哈米尔;吉姆·卡明斯;迈克尔·麦克沙恩;科里·伯顿;黛比·德里贝里;埃迪·弗里森;特蕾丝·麦克尼尔;斯科特·门维尔;Susan Hickman;Matt Miller;Andrew Philpot;迈克尔·索里奇;安原义人;西村知道;峰惠研;糸博;Richard A. Dysart;彼得·费尔南德斯;约翰·德米塔;John Hostetter;大塚芳忠;菅原正志;詹姆斯·范德比克;曼迪·帕廷金;初井言荣;永井一郎;田中真弓;横泽启子;常田富士男;神山卓三;槐柳二;理查德·戴萨特;古田信幸;Takahiro Hirai;Shinya Ohtaki;马特·K·米勒;Lara Cody;戴夫·麦罗;Ray Michaels;杰夫·温克里斯;Hideki Fukushi;菅原正志;芭芭拉·古德森;Edward Mannix;Barry Stigler;Clifton Wells,9.0,,日本,1992-05-01,125
100,魂断蓝桥,Waterloo Bridge,https://p0.meituan.net/movie/58782fa5439c25d764713f711ebecd1e201941.jpg@464w_644h_1e_1c,剧情;爱情;战争,茂文·勒鲁瓦;伍经纬,费雯·丽;罗伯特·泰勒;露塞尔·沃特森;玛丽亚·彭斯卡娅;C.奥布雷·史密斯;Janet Shaw;Janet Waldo;Virginia Carroll;Leda Nicova;Lowden Adams;Harry Allen;Jimmy Aubrey;Colin Campbell;里奥.G.卡罗尔;大卫·克莱德;Gilbert Emery;赫伯特·埃文斯;艾塞尔·格里菲斯;Bobbie Hale;Winifred Harris;哈利韦尔·霍布斯;Bill James;George Kirby;威尔弗雷德·卢卡斯;Dan Maxwell;Florine McKinney;埃德蒙·莫蒂默;伦纳德米迪;坦普·皮戈特;John Power;Wyndham Standing;Cyril Thornton;戴维·瑟斯比;诺玛·威登;Eric Wilton;弗吉尼亚·菲尔德;Steffi Duna;Florence Baker;Margery Manning;Frances MacInerney;Eleanor Stewart;Phyllis Barry;丽塔·卡莱尔;Kathryn Collier;汤姆·康威;Frank Dawson;Connie Emerald;Maria Genardi;Douglas Gordon;Denis Green;Harold Howard;Eric Lonsdale;Charles McNaughton;Frank Mitchell;Judith Nelles;Gordon Orbell;Elsie Prescott;Jean Prescott;Clara Reid;Fred Sassoni;Paul Scardon;约翰·格雷厄姆·斯佩西;哈里·斯塔布斯;William Tetley;帕特·威尔士;玛莎·温特沃思;罗伯特·温克勒;道格拉斯·伍德;Frank Whitbeck;戴维·卡文迪什;迪克·戈登;Bobby Hale;Charles Irwin;Walter Lawrence;James May,9.5,,美国,1940-05-17,108
34,英雄本色,A Better Tomorrow,https://p0.meituan.net/movie/3e5f5f3aa4b7e5576521e26c2c7c894d253975.jpg@464w_644h_1e_1c,剧情;动作;犯罪,吴宇森,狄龙;张国荣;周润发;朱宝意;李子雄;曾江;石燕子;田丰;吴宇森;金兴贤;良鸣;成奎安;王侠;徐克;梁柏坚;陈志辉;张国梁;洪新南;杜伟和;刘崇峰;皮埃尔·特朗布莱;麦伟章;黄炜溏;杨瑞麟;曾醒光;马汉元;刘崇峰;Yung-Sheng Pan;Foo-Wai Lam;Sun Nan Hung;陈伟明;周星驰;Te-Wei Chu;张永汉,8.8,,中国香港,2017-11-17,95
93,黑客帝国,The Matrix,https://p1.meituan.net/movie/ad974d3527879f00be2eec29135118163728582.jpg@464w_644h_1e_1c,动作;科幻,拉娜·沃卓斯基;莉莉·沃卓斯基,基努·里维斯;凯瑞-安·莫斯;劳伦斯·菲什伯恩;雨果·维文;乔·潘托里亚诺;格洛丽亚·福斯特;马库斯·钟;朱利安·阿拉汗加;Paul Goddard;安东尼雷派克;贝琳达·麦克洛里;David Aston;比尔·扬;奈杰尔·哈巴克;Rana Morrison;Robert Simper;Chris Scott;Michael Butcher;Bernard Ledger;马特·多兰;Tamara Brown;Elenor Witt;Adryn White;Janaya Pender;阿达·尼科德莫;Marc Gray;罗温·维特;Denni Gordon;Steve Dodd;Harry Lawrence;Lawrence Woodward;Luke Quinton;David O'Connor;Natalie Tjen;Fiona Johnson;Jeremy Ball;Marc Aden Gray;罗伯特·泰勒;Deni Gordon,9.0,,美国;澳大利亚,2000-01-14,136
48,钢琴家,The Pianist,https://p0.meituan.net/movie/bcbe59fc51580317adf94537a61a1a26142090.jpg@464w_644h_1e_1c,剧情;音乐;传记;历史;战争,罗曼·波兰斯基,艾德里安·布洛迪;艾米莉娅·福克斯;米哈乌·热布罗夫斯基;埃德·斯托帕德;穆琳·利普曼;弗兰克·芬莱;Wanja·穆埃斯;茱莉亚·蕾娜;理查德·赖丁斯;Anthony Milner;约阿希姆·保罗·阿斯波克;丹尼尔·卡尔塔吉罗内;泽比纽·扎马洲斯基;玛雅·奥丝塔泽斯卡;约翰·贝内特;西里尔·谢普斯;罗南·维博特;Katarzyna Figura;瓦伦丁·佩尔卡;安德鲁·蒂曼;Tom Strauss;托马斯·克莱舒曼;帕韦尔·伯克齐克;安杰伊·皮耶钦斯基;莫嘉娜·波兰斯基;Maciej Kowalewski;波利斯·席克;Jacek Wolszczak;Pawel Zdun;David Szurmiej;Izabella Szolc;Dagmara Sieminska;阿克西尔·普拉尔;Aleksandra Nizynska;Rafal Dajbor;Anna Gryszka;Adrian Hood;Ryszard Kluge;Ireneusz Machnicki;帕威·马拉欣斯基;Adam Malecki;Maurycy Zylber;Jerzy Góralczyk;Nina Franoszek;约翰·基奥;Rafal Mohr;Dmitri Leshchenko;乌多·科罗施瓦德;波佩克;索菲娅·切尔文斯卡;Katarzyna Bargielowska;Wojciech Smolarz;Uwe Rathsam;乔安娜·布罗兹克;Roy Smiles;Paul Bradley;Ben Harlan;Thomas Lawincky;Lejb Fogelman;Detlev von Wangenheim;安杰伊·布卢门菲尔德;Darian Wawer;杰西卡·凯特·梅耶尔;Roddy Skeaping;Lucy Skeaping;Nomi Sharron;露丝·普拉特;Lech Mackiewicz;Torsten Flach;Frank-Michael Köbe;克日什托夫·皮耶钦斯基;Peter Rappenglück;塞萨里·科辛斯基;雅努什·奥莱伊尼恰克;Emilio Fernandez,8.9,,法国;德国;英国;波兰,2002-05-24,150
81,活着,To Live,https://p0.meituan.net/movie/4c41068ef7608c1d4fbfbe6016e589f7204391.jpg@464w_644h_1e_1c,剧情;家庭;历史,张艺谋,葛优;巩俐;牛犇;郭涛;姜武;倪大红;刘天池;董飞;黄宗洛;刘燕瑾;李连义;赵玉秀;张康;张璐;肖聪,9.0,,中国大陆;中国香港,1994-05-17,132
28,美国往事,Once Upon a Time in America,https://p1.meituan.net/movie/92198a6fc8c3f5d13aa1bdf203572c0f99438.jpg@464w_644h_1e_1c,剧情;犯罪,赛尔乔·莱翁内,罗伯特·德尼罗;詹姆斯·伍兹;伊丽莎白·麦戈文;詹妮弗·康纳利;乔·佩西;斯科特·科菲;理查德·布赖特;詹姆斯·拉索;克莱姆·卡塞塔;保罗·赫尔曼;Richard Zobel;Baxter Harris;玛西娅·让·库尔茨;爱丝黛儿·哈里斯;查克·洛;Dutch Miller;达兰妮·弗鲁格;波特·杨;丹尼·爱罗;拉里·拉普;詹姆斯·海登;威廉·弗西斯;特里特·威廉斯;鲁斯蒂·雅各布斯;斯科特·提勒;塔斯黛·韦尔德;诺亚·莫扎兹;Frankie Caserta;阿德里安·柯兰;迈克·莫内蒂;Angelo Florio;布莱恩·布鲁姆;Frank Gio;卡伦谢罗;马里奥·布雷加;Ray Dittrich;Amy Ryder;奥丽娃·维拉索布罗斯;罗伯特·哈珀;Gerard Murphy;Joey Marzella;Frank Sisto;Bruno Iannone;阿诺恩·米尔坎;理查德·弗让吉;Marty Licata;Alexander Godfrey;Gerritt Debeer;Paul Farentino;Cliff Cudney;朱莉·科恩;Jerry Strivelli;Mike Gendel;Marvin Scott;Joey Faye;Ann Neville;Tandy Cronyn;Linda Ipanema;Francesca Leone;Bruce Bahrenburg;Mort Freeman;Sandra Solberg;Jay Zeely;Massimo Liti;塞尔瓦托雷·比拉;Matteo Cafiso;Nelson Camp;艾米·莱德;Richard M. Fleming;路易丝·弗莱彻,8.8,,意大利;美国,2015-04-23,229
55,无敌破坏王,Wreck-It Ralph,https://p1.meituan.net/movie/70a574550c4bb928dcc6a40641294785150838.jpg@464w_644h_1e_1c,喜剧;动画;奇幻;冒险,瑞奇·摩尔,约翰·C·赖利;萨拉·西尔弗曼;简·林奇;杰克·麦克布瑞尔;斯戴芬妮·斯考特;贾米·埃曼;胡军;谢娜;杰洛·里佛斯;艾伦·图代克;艾德·奥尼尔;瑞秋·哈里斯;敏迪·卡灵;丹尼斯·海斯伯特;伊迪·迈克莱尔;亚当·卡罗拉;霍拉提奥·桑斯;鲁本·兰登;凯尔·赫伯特;布兰登·斯考特;乔·洛·特鲁格里奥;雷蒙德·S·佩尔西;杰斯·哈梅尔;斯盖拉·阿斯丁;莫里斯·拉马奇;约翰·迪·马吉欧;乔西·特立尼达;辛贝·沃克;塔克·吉莫尔;蒂姆·梅尔滕斯;凯文·迪特斯;马丁·贾维斯;布莱恩·克辛格;菲尔·约翰斯顿;洁米·斯贝勒·罗伯茨;艾娃·阿卡雷斯;伊莎贝拉·阿塞尔斯;鲍伯·伯根;大卫·博特;里德·巴克;Michael Carlsen;大卫·考吉尔;吉姆·卡明斯;伊丽莎白·戴利;黛比·德里贝里;特丽·道格拉斯;桑迪·福克斯;埃迪·弗里森;Tyler Ganus;Earl Ghaffari;埃米莉·哈恩;詹妮弗·黑尔;Daniel Kaz;Dave Kohut;劳伦·麦克穆伦;莫娜·马歇尔;斯科特·门维尔;拉瑞恩·纽曼;保罗·佩普;Lynwood Robinson;Trenton Rogers;杰登·桑德;凯斯·索西;艾普尔·斯图瓦特;弗雷德·塔特西奥;Jennifer Christine Vera;Will Deters;Cooper Reed;尼克·格里姆肖;凯蒂·洛斯;瑞奇·摩尔;罗杰·克莱格·史密斯;Reed Buck;Mike Carlsen,8.8,,美国,2012-11-06,101
14,初恋这件小事,สิ่งเล็กเล็กที่เรียกว่า...รัก,https://p1.meituan.net/movie/05bc2f0ccf97aacfa64fcac4f237cf8082385.jpg@464w_644h_1e_1c,喜剧;爱情,普特鹏·普罗萨卡·那·萨克那卡林;华森·波克彭,马里奥·毛瑞尔;平采娜·乐维瑟派布恩;阿查拉那·阿瑞亚卫考;华森·波克彭;普特鹏·普罗萨卡·那·萨克那卡林;Khachamach Promsaka Na Skolnakor;皮拉瓦特·赫拉巴特;Pijittra Siriwetchapan;雅尼卡·桑普蕾舞;诺特·阿查拉那·阿瑞亚卫考;苏达拉·布查蓬,8.9,,泰国,2012-06-05,118
47,触不可及,Intouchables,https://p1.meituan.net/movie/1e700e53e4fe29dd5942381bb353c8532239179.jpg@464w_644h_1e_1c,剧情;喜剧,奥利维埃·纳卡什;埃里克·托莱达诺,弗朗索瓦·克鲁塞;奥玛·希;安娜·勒尼;奥德雷·弗勒罗;阿尔芭·贝露琪;Cyril Mendy;Christian Ameri;Grégoire Oestermann;玛丽-洛尔·德库洛;Dominique Daguier;François Caron;多萝特博里埃;艾米丽·卡恩;Sylvain Lazard;Fabrice Mantegna;海迪·布奇纳法;Jérôme Pauwels;安托万·劳伦特;Abdel Sellou;Dominique Henry;皮埃尔-罗兰·巴纳隆;Elliot Latil;Alain Anthony;Caroline Bourg;Kévin Wamo;Michel Winogradoff;Renaud Barse;Benjamin Baroche;Nicky Marbot;Jean François Cayrey;克洛蒂尔德·莫勒;托马·索利韦尔;Ian Fenelon;François Bureloup;约瑟芬娜·德·摩;Absa Diatou Toure;萨丽马特·卡马特,8.9,,法国,2011-11-02,112
27,七武士,七人の侍,https://p1.meituan.net/movie/4ffca83fd972f71e291f8ea8d78a4b58594878.jpg@464w_644h_1e_1c,剧情;动作;冒险,黑泽明,三船敏郎;志村乔;千秋实;加东大介;稻叶义男;宫口精二;木村功;藤原釜足;小杉义男;左卜全;土屋嘉男;高堂国典;东野英治郎;登山晴子;上田吉二郎;多多良纯;渡边笃;小川虎之助;清水元;大友伸;堺左千夫;谷晃;中岛春雄;千叶一郎;千石规子;本间文子;伊藤实;大村千吉;广濑正一;草间璋夫;铃木和夫;仲代达矢;林干;夏木顺平;坂本晴哉;樱井巨郎;坪野镰之;山本廉;Jirya Kimagaya;马野都留子;加藤武;津岛惠子;岛崎雪子;熊谷二良;片桐恒男;堤康久;山形勋;榊田敬治;杉宽;宇野晃司;天见龙太郎;伊原德;伊藤久哉;加藤茂雄;森今日子;中西英介;中野俊子;大西康雄;大城政子;大塚秀男;关猛;铃川二郎;高原鸟子;山田彰;Yu Akitsu;上山草人;高原骏雄;牧壮吉;大久保正信;西条悦郎;鸭田清;成田孝;Hiroshi Agetsu;天野五郎;Shizuko Hogashi;一万慈多鹤惠;池田兼雄;今井和雄;神山恭一;河边昌义;河边美智子;川越一平;川又吉一;Akira Kichijoji;北野八代子;松下正秀;Jun Mikami;清水美恵;Kyoji Naka;大江秀;小野松枝;小泽经子;Megeru Shimoda;砂川繁视;Misao Suyama;户川夕子;Michiko Uwamoto;宇津井健;橘正晃;铃木治夫;安芸津宏;Kakue Ichibanji;东静子;Chindanji Miyagawa;Shû Ôe;高木新平;稻垣三郎;熊谷卓三;岩本弘司;Akira Kitchôji;Yasumasa Ônishi;Tsurue Ichimanji,8.8,,日本,1954-04-26,207
95,春光乍泄,Happy Together,https://p0.meituan.net/movie/ae7245920d95c03765fe1615f3a1fe3865785.jpg@464w_644h_1e_1c,剧情;爱情,王家卫,张国荣;梁朝伟;张震;关淑怡;格利高里·戴顿;关雪丽,9.0,,中国香港;日本;韩国,1997-05-17,96
69,大话西游之月光宝盒,A Chinese Odyssey,https://p0.meituan.net/movie/396266d8b711958841b3536a3fa7b868211445.jpg@464w_644h_1e_1c,喜剧;爱情;奇幻;古装,刘镇伟,周星驰;莫文蔚;吴孟达;蓝洁瑛;朱茵;刘镇伟;罗家英;陆树铭;蔡少芬;江约诚;李宝龙,8.9,,中国香港;中国大陆,2014-10-24,87
78,盗梦空间,Inception,https://p1.meituan.net/movie/d40efe1183f29d5900f5c60be3c8a89d339225.jpg@464w_644h_1e_1c,剧情;科幻;悬疑;冒险,克里斯托弗·诺兰,莱昂纳多·迪卡普里奥;渡边谦;约瑟夫·高登-莱维特;玛丽昂·歌迪亚;艾伦·佩姬;汤姆·哈迪;基里安·墨菲;汤姆·贝伦杰;迈克尔·凯恩;皮特·波斯尔思韦特;迪利普·劳;卢卡斯·哈斯;李太力;克莱尔·吉尔蕾;马格努斯·诺兰;泰勒·吉蕾;乔纳森·吉尔;水源士郎;厄尔·卡梅伦;冈本玉二;瑞恩·海沃德;米兰达·诺兰;拉什·费加;蒂姆·科勒赫;妲露拉·莱莉;尼古拉斯·克拉克;克拉雷·戴珂拉;西尔维·拉古纳;魏吉拉·布拉姆雷;简·西谢尔·达哥瑞;海琳娜·库林纳;马克·弗莱施曼;郎谢丽;克莱格·塞尔博;安吉拉·那森;娜塔莎·博蒙特;马克·拉杜奇;卡尔·吉丽亚德;吉尔·马德雷尔;亚历克斯·朗伯德;尼古拉·普利曼;彼特·巴适姆;迈克尔·加斯顿;菲利克斯·斯科特;安德鲁·普利文;丽萨·雷纳德;杰森·坦戴尔;杰克·吉尔罗伊;珊农·威利斯;艾黛姆·科尔;莫宾·汗;杰克·穆雷;娜塔莉·纳什图科瓦;约翰·希亚拉彻;迈克尔·奥古斯特;丹尼尔·吉伦杜;Scott Pretty;本·施密特;诺曼·萨利特;阿隆佐·F·琼斯;Youlanda Davis;晟焕乔;艾梵·塔瑞;肯尼斯·马克·巴汗;安德鲁·霍格兰;让·克里斯托弗·莱杰;扎卡里·克里斯托弗·费伊;科林·史密斯;约翰·劳森;玛格丽特·因索利亚;工藤俊作;François-Marie Nivon,8.9,,美国;英国,2010-09-01,148
89,教父2,The Godfather: Part Ⅱ,https://p0.meituan.net/movie/bb1dee5e0b25889a2410211c1d5010ae190824.jpg@464w_644h_1e_1c,剧情;犯罪,弗朗西斯·福特·科波拉,阿尔·帕西诺;罗伯特·德尼罗;黛安·基顿;罗伯特·杜瓦尔;约翰·凯泽尔;塔莉娅·夏尔;斯特拉斯伯格;迈克尔·V·格佐;G·D·斯普拉德林;理查德·布赖特;汤姆·罗斯奎;布鲁诺·柯比;弗兰克·西维罗;弗朗西丝卡·德·萨维奥;摩甘娜金;莱奥波多·特里耶斯泰;多米尼克·查尼斯;特洛伊·多纳胡;约翰·阿普雷亚;乔·斯皮内尔;詹姆斯·肯恩;阿贝·维高达;Tere Livrano;吉亚尼·罗素;菲伊·斯潘;哈利·戴恩·斯坦通;卡明·卡里迪;丹尼·爱罗;Carmine Foresta;Father Joseph Medeglia;卡门·阿尔根齐亚诺;乔·罗·格里普;Ignazio Pappalardo;彼得·多纳特;汤姆·达尔格伦;Phil Feldman;罗杰·科曼;伊凡·科尔;艾丽卡·约恩;Italia Coppola;罗曼·科波拉;索菲亚·科波拉;朱莉·格雷格;Larry Guardino;小杉正一;Connie Mason;理查德·麦瑟森;约翰·梅根纳;Frank Pesce;Jay Rasumny;Hank Robinson;托尼·西里科;Filomena Spagnuolo;Paul B. Brown;Vincent Coppola;Peter LaCorte;Andrea Maugeri;Richard Watson;Gabriella Belloni;Edward Van Sickle;Joe De Nicola;Ezio Flagello;Livio Giorgi;凯瑟琳·贝勒;Saveria Mazzola;Tito Alba;Johnny Naranjo;Elda Maida;Salvatore Po;Oreste Baldini;Giuseppe Sillato;Mario Cotone;James Gounaris;David Baker;Nick Discenza;威廉·鲍尔斯;约瑟夫·德拉·索尔特;玛丽亚娜·希尔;加斯通·莫辛;Maria Carta;Amerigo Tot;Laura Lyons;加里·库尔茨;Theresa Tirelli;Venancia Grangerard;朱利安·沃洛辛;Victor Pujols;Teresa Tirelli,9.0,,美国,1974-12-12,202
49,本杰明·巴顿奇事,The Curious Case of Benjamin Button,https://p0.meituan.net/movie/2526f77c650bf7cf3d5ee2dccdeac332244951.jpg@464w_644h_1e_1c,剧情;爱情;奇幻,大卫·芬奇,布拉德·皮特;凯特·布兰切特;塔拉吉·P·汉森;朱莉娅·奥蒙德;芳妮·A·钱勃丝;伊莱亚斯·科泰斯;Nadyia Jones;Brianna Womick;Lauren Swinney;Ross Rouillier;Heather Lipson;Gelsey Weiss;Jeffrey Scott Jones;希洛·朱莉-皮特;Nick Reasons;Michael Owens;Audrey Lynn;Naima Imani Lett;Angelina McCoy;Jennifer Toffel;Robert W. Savina;Autumn Withers;杰伊·奥利弗;Jonathan Lane;Alec Mazo;迈克尔·沃兹尼亚克;辛西娅·勒布朗;埃尔顿·勒布朗;丹尼尔文森特;特里·李·史密斯;Chaz Smith;Aliane Baquerot;艾玛·德吉斯泰德特;路易斯迪普伊;梅根·布朗;Aaron Jennings Hartnell;Christopher Karl Johnson;Craig Sawyer;Walter Delmar;Rhonda Huete;Emily Howe;Lori Enterline;Katherine Crockett;Tim Harvey;Derrick Guidry;马莱丽·格雷迪;Victoria Goulet;Bianca Chiminello;伊芙·布伦特;加瑞特·法贝斯;Melissa Cabrera;Leslie Augustine;Brett Beoubay;西蒙娜·爱丽丝·吉拉德;杰拉尔丁·格伦;Dewayne Bateman;Joe Fontana;Bob Harter;格兰特·杰姆斯;Debby Gaudet;Clay Chamberlin;David Paterson;Myrton Running Wolf;Ashley Nolan;Sonya Leslie-Shepherd;斯宾塞·丹尼尔斯;艾德里安·阿马斯;迪内·泰勒;汤姆·埃沃雷特;斯蒂芬·泰勒;约书亚·德罗什;Jessica Cropper;Charles Henry Wyson;Taren Cunningham;Katta Hules;克里斯托弗·马克斯韦尔;钱德勒·坎特布瑞;麦迪逊·贝蒂;乔什·斯图沃特;维布尔·弗利茨杰拉德;蒂尔达·斯文顿;路易斯·赫特哈姆;罗斯·布莱克维尔;乔伊·比索奈特;里奇蒙德·阿奎特;伊利亚·沃洛克;Yasmine Abriel;唐·克里奇;Devyn A. Tyler;兰斯·E·尼克尔斯;Earl Maddox;杰森·弗莱明;Edith Ivey;Ed Metzger;唐娜·杜普兰提尔;Patrick Thomas O'Brien;菲利斯·萨莫维尔;丹尼·文森;乔安娜·塞勒;Paula Gray;Rampai Mohadi;Jacob Wood;Troi Bechet;泰德·汉森;菲奥娜·黑尔;Marian Zinser;Danny Nelson;马赫沙拉·阿里;Robert Towers;彼特·唐纳德·巴达拉曼迪二世;艾丽·范宁;克莱·卡伦;杰瑞德·哈里斯;大卫·詹森;Jacob Tolano;Blake Balu;Allen Boudreaux;David E. Brown;Marianne Filali;Ron Flagge;Zuri Goldman;Cody Green;Alim Kouliev;Benee Leavy;Kevin Lorio;Veleska Mosichmiller;Ian Novotny;Antonia Kanischtscheff;Shawn Ramagos;Andy Sims;Logan Douglas Smith;丹尼斯·托马斯IV;Yvette Tucker;Gerrold Vincent;Jearl Vinot;特德·曼森;伊利亚·沃里克;David Ross Paterson;Marion Zinser;Sonya Leslie,8.9,,美国,2008-12-25,166
2,这个杀手不太冷,Léon,https://p1.meituan.net/movie/6bea9af4524dfbd0b668eaa7e187c3df767253.jpg@464w_644h_1e_1c,剧情;动作;犯罪,吕克·贝松,让·雷诺;加里·奥德曼;娜塔莉·波特曼;丹尼·爱罗;彼得·阿佩尔;Willi One Blood;唐·克里奇;Keith A. Glascoe;伦道夫·斯科特;迈克尔·巴达鲁科;艾伦·格里尼;伊丽莎白·瑞根;卡尔·马图斯维奇;弗兰克·赛格;卢修斯·怀亚特·切罗基;埃里克·查利;吕克·伯纳德;麦温·勒·贝斯柯;Jessie Keosian;乔治·马丁;阿卜杜勒·哈桑·谢里夫;斯图亚特·鲁丁;肯特·布劳德赫斯特;Tommy Hollis;彼得·吉安卢卡利纳瑞;强尼·里默;丹尼·贝利;赛斯杰罗姆·沃克;迈克尔·蒙德拉;Alex Dezen;Betty Miller;杰弗里·贝特曼;Arsène Jiroyan;Peter Vizard;约瑟夫·玛勒巴;大卫·w·巴特勒;罗伯特·拉萨多;Steve Gonnelo;William James Stiggers Jr.;Anthony Ragland;水晶·米歇尔·布莱克;桑尼·齐托;洛基·埃尔南德斯;Randy Pearlstein;Trevor Walace;基思·布洛克;弗雷德·菲舍尔;Peter Justinius;Denis Bellocq;Thomas Delehanty;Ed Ventresca;Wallace Wong;Cary Wong;Amimul Rolly;Mohammed Rashid;亚当·布斯奇;马里奥·托迪斯科;James Melissinos;杰纳德·伯克斯;Matt De Matt;萨米·纳塞利;克里斯托夫·戈蒂埃;Junior Almeida;大卫·格雷格;Michel Montanary;埃尔韦·胡森;Didier Legros;马克·安德烈奥尼;吉尔·克莱伯;Junior John Levis;Tony Sauraye;Thierry Maurio;让·雨果·安格拉德;James Fahrner;Michael Wehrhahn;Daniel Schenmetzler;Alyssia Dujmovich;麦温;埃莱娜·卡多纳;Jeff McBride,9.5,,法国,1994-09-14,110
9,楚门的世界,The Truman Show,https://p0.meituan.net/movie/8959888ee0c399b0fe53a714bc8a5a17460048.jpg@464w_644h_1e_1c,剧情;科幻,彼得·威尔,金·凯瑞;劳拉·琳妮;诺亚·艾默里奇;安东尼·科隆;艾德·哈里斯;保罗·吉亚玛提;菲利普·贝克·霍尔;布赖恩·戴拉特;Mario Ernesto Sánchez;马西娅·德波尼斯;Sam Kitchin;Adam Tomei;澳澜·琼斯;特里·金瑞利;Donna Hardy;乔尔·麦金农·米勒;Susan Angelo;冈本玉二;马克·麦考利;Kevin D. Ross;Mickalean McCormick;梅丽莎·菲茨杰拉德;Jake Eberle;Kiyoko Yamaguchi;Carly Smiga;Tom Simmons;珍妮特·米勒;Lorin Moore;Courtney Pakiz;Joseph Lucus;Logan Kirksey;Matthew McDonough;Larry McDowell;Robert Davis;R.J. Murdock;Darryl Davis;Zoaunne LeRoy;Millie Slavin;Joe Minjares;Al Foster;John Pramik;Krista Lynn Landolfi;伍娜·戴蒙;约翰·普莱舍;Earl Hilliard Jr.;贾德森·沃恩;Jim Towers;David Andrew Nash;Nastassja Schmiedt;Angel Schmiedt;Mal Jones;Muriel Moore;Mark Alan Gillott;Dave Corey;Tony Todd;Jay Saiter;约翰·罗斯留斯;Savannah Swafford;Sebastian Youngblood;Kade Coates;彼得·克劳斯;哈里·谢尔;菲利普·格拉斯;中村佐惠美;娜塔莎·麦克艾霍恩;Don Taylor;Ted Raymond;Judy Clayton;Fritz Dominique;霍兰德·泰勒;Blair Slater;海蒂·谢兹;Ron Taylor;Marco Rubeo;Dona Hardy,9.0,,美国,,103
44,熔炉,도가니,https://p1.meituan.net/movie/2a0783b4fd95566568f24adfad2181bb5392280.jpg@464w_644h_1e_1c,剧情,黄东赫,孔刘;郑有美;金贤秀;郑仁絮;白承焕;张光;金志映;Baek Seung-Hwan;Hyeon-soo Kim;Jeong In-seo;严孝燮;郑亨锡;林贤成;全国焕;金周灵;金智怜;李相熹;许在浩;洪锡然;严智星;张素妍;金民尚;郑裕美;南明烈;Park Hye-jin-i;崔镇浩;Myeong-ryeol Nam;林贤成;Kwon Yoo-Jin,8.8,,韩国,2011-09-22,125
40,教父,The Godfather,https://p0.meituan.net/movie/1199dc6273680f175fd9b06c9c36d08a219658.jpg@464w_644h_1e_1c,剧情;犯罪,弗朗西斯·福特·科波拉,马龙·白兰度;阿尔·帕西诺;詹姆斯·肯恩;罗伯特·杜瓦尔;黛安·基顿;理查德·卡斯特尔诺;约翰·凯泽尔;阿历克斯·罗克;索菲亚·科波拉;约翰·马利;理查德·布赖特;托尼·乔治;维托·斯科蒂;Tere Livrano;维克多伦蒂纳;Jeannie Linero;朱莉·格雷格;Ardell Sheridan;阿贝·维高达;吉亚尼·罗素;鲁迪·邦德;阿尔·马蒂诺;摩甘娜金;兰尼·蒙大拿;约翰马迪诺;Salvatore Corsitto;艾尔·勒提埃里;塔莉娅·夏尔;乔·斯皮内尔;理查德·康特;斯特林·海登;Anthony Gounaris;Ron Gilbert;吉安-卡洛·科波拉;卡迈恩·科波拉;萨罗·乌尔齐;弗兰科·奇蒂;柯拉朵加伊帕;安杰洛·伊凡蒂;西蒙蕾妲·瑟法奈尼;尼克·瓦莱隆加;弗兰克·西维罗;托尼·利普;加里·弗雷德里克森;Italia Coppola;Don Costello;Matthew Vlahakis;Max Brandt;Gabriele Torrei;Ed Vantura;汤姆·罗斯奎;Filomena Spagnuolo;Burt Richards;Sal Richards;Rick Petrucelli;Father Joseph Medeglia;Lou Martini Jr.;Frank Macetta;Randy Jurgensen;桑尼格鲁索;乔·罗·格里普;Nino Ruggeri;罗曼·科波拉;Peter Lemongello;Carol Morley;路易斯·古斯;Raymond Martino;Norm Bacchiocchi;Merril E. Joels;罗伯特·达赫达赫;Tybee Brascia,8.8,,美国,2015-04-18,175
13,美丽心灵,A Beautiful Mind,https://p0.meituan.net/movie/7b7d1f8aa36d7a15463ce6942708a1a7265296.jpg@464w_644h_1e_1c,剧情;传记,朗·霍华德,罗素·克洛;詹妮弗·康纳利;艾德·哈里斯;克里斯托弗·普卢默;保罗·贝坦尼;亚当·戈德堡;乔什·卢卡斯;朗·霍华德;安东尼·拉普;贾森·加里-斯坦福德;贾德·赫希;奥斯汀·潘德尔顿;维克多·斯坦巴赫;Jesse Doran;罗伊·辛尼斯;谢丽尔·霍华德;兰斯·霍华德;简·詹金斯;乔什·帕斯;蒂格尔·F·伯格里;迈克尔·埃斯佩尔;Eva Burkley;Dr. Isadore Rosenfeld;Tommy Allen;Tom McNutt;小艾德.朱普;Lloyd Baskin;James Thomas Bligh;丹·陈;杰森·霍顿;迈克尔·C·皮尔斯;约翰托宾;Sean Bennett;乔纳·福尔肯;法布里奇奥·范特;Charles McClelland;肖恩·里德;Jonathan Marc McDonnell;罗伯特·迈尔斯;Charles Pendleton;Jeffrey Christopher Todd;Alex Tanaka;埃文·哈特;Erik Van Wyck;Susan Quigley;米尔斯·彼埃尔;Dave Sweeney;Ned Stuart;斯科特·费恩斯特罗姆;Berly Ellis;里德·彭尼;Gregory Gordon;理查·布莱恩特;Sean Dillon;Scott Addison Clay;Michael Fiore;Douglas Taurel;Jennifer Weedon;Tracey Toomey;艾米·瓦尔兹;David B. Allen;瓦伦蒂娜·卡迪纳利;Alex Toma;Darius Stone;Anthony Easton;Patrick Blindauer;Kent Cassella;Thomas F. Walsh;坦娅·克拉克;Betsy Klompus;Logan McCall;Bob Broder;卡拉·奥奇格罗索;Matt Samson;Lyena Nomura;Kathleen Fellegara;Will Dunham;Glenn Roberts;Christopher Stockton;Gregory Dress;Yvonne Thomas;Holly Pitrago;Dave Bayer;Brian Keith Lewis;凯德·比特纳;Jill M. Simon;薇薇·卡登尼;雷吉·奥斯汀;斯特里奥·萨万特;布莱丝·达拉斯·霍华德;迈克尔·阿伯特;Vivian Kalinov;Phil Cirincione;费丽娜·巴瑞丝;Todd Fredericks;Michael Arthur;John Blaylock;Mike Fitzgerald;Dory Manzour;Liche Ariza;Ty Copeman;Tiffany Marz;Ryan Tygh;布瑞恩·斯米吉;Warner Wolf;Michael Tota;Deborah Baum;吉莉·西蒙;迈克尔·菲奥里;塞斯·盖贝尔;Dory Manzour,8.8,,美国,2001-12-13,135
82,机器人总动员,WALL·E,https://p0.meituan.net/movie/267dd2483f0fb57081474c00fbea38451415571.jpg@464w_644h_1e_1c,喜剧;科幻;动画,安德鲁·斯坦顿,本·贝尔特;艾丽莎·奈特;杰夫·格尔林;佛莱德·威拉特;MacInTalk;约翰·拉岑贝格;凯茜·纳基麦;西格妮·韦弗;泰迪·牛顿;鲍伯·伯根;约翰·齐甘;彼特·道格特;保罗·伊丁;唐纳德·富利洛夫;特蕾莎·甘泽尔;杰斯·哈梅尔;雪莉·琳恩;米凯·麦高万;拉瑞恩·纽曼;罗里·艾伦;杰夫·皮金;扬·拉布森;洛丽·理查德森;安德鲁·斯坦顿;吉姆·瓦德;克莱特·惠特克;Kim Kopf;安格斯·麦克莱恩;妮基·麦克尔罗伊;加勒特·帕尔默;Kai Steel Smith,9.0,,美国,2008-06-27,98
85,指环王1：护戒使者,The Lord of the Rings: The Fellowship of the Ring,https://p1.meituan.net/movie/dd08154878aac7c8c649fe3eeb8ccd0a2498277.jpg@464w_644h_1e_1c,剧情;动作;奇幻;冒险,彼得·杰克逊,伊莱贾·伍德;伊恩·麦克莱恩;丽芙·泰勒;维果·莫腾森;西恩·奥斯汀;凯特·布兰切特;约翰·瑞斯-戴维斯;比利·博伊德;多米尼克·莫纳汉;奥兰多·布鲁姆;克里斯托弗·李;雨果·维文;肖恩·宾;伊安·霍姆;安迪·瑟金斯;马尔顿·索克斯;萨拉·贝克;克雷格·帕克;劳伦斯·马克奥雷;阿兰·霍华德;彼得·杰克逊;Sarah McLeod;Noel Appleby;Harry Sinclair;李·哈特利;比利·杰克逊;凯蒂·杰克逊;蒂莫西·巴特利特;Jørn Benzon;沙恩·朗吉;布雷特·麦肯齐;Thomas McGinty;Kate O'Rourke;Rachel Clentworth;艾伦·李;Taea Hartwell;萨比恩·克洛森;布莱恩·瑟金特;伊丽莎白·穆迪;威廉·约翰逊;Norman Forsey;Lori Dungey;Peter Corrigan;Ben Price;Jono Manks;Lance Fabian Kemp;Paul Bryson;Clinton Ulyatt;Semi Kuresa;Jonathan Jordan;Chris Streeter;Victoria Beynon-Cole;Sam La Hood;Martyn Sanderson;大卫·韦瑟莱;卡梅隆·罗德;伊恩·穆内;马克·弗格森;彼得·麦肯齐;Megan Edwards;Michael Elsworth;Brent McIntyre;菲利普·格里夫;Jarl Benzon;肖恩·奥斯汀;伊恩.霍姆,9.0,,新西兰;美国,2002-04-04,178
96,大闹天宫,The Monkey King,https://p1.meituan.net/movie/14a7b337e8063e3ce05a5993ed80176b74208.jpg@464w_644h_1e_1c,动画;奇幻,万籁鸣;唐澄,邱岳峰;毕克;富润生;尚华;李梓;刘广宁;于鼎;汉斯·艾尔佛森,9.0,,中国大陆,1965-12-31,114
8,喜剧之王,The King of Comedy,https://p0.meituan.net/movie/1f0d671f6a37f9d7b015e4682b8b113e174332.jpg@464w_644h_1e_1c,剧情;喜剧;爱情,李力持;周星驰,周星驰;莫文蔚;张柏芝;郑文辉;林子善;田启文;吴孟达;成龙;郑祖;李兆基;李思捷;叶竞生;Robert Sparks;许愿;戴龙;徐志雄;袁富华;陆剑青;陈宝骏;冯勉恒;詹小玲;明德丰;戚务振;侯焕玲;林仲岐;蔡国平;Siu-ling Tsim;Mo-Chan Chik;江富强;Terence Tsui,9.5,,中国香港,1999-02-13,85
4,泰坦尼克号,Titanic,https://p1.meituan.net/movie/b607fba7513e7f15eab170aac1e1400d878112.jpg@464w_644h_1e_1c,剧情;爱情;灾难,詹姆斯·卡梅隆,莱昂纳多·迪卡普里奥;凯特·温丝莱特;比利·赞恩;格劳瑞亚·斯图尔特;凯西·贝茨;弗兰西丝·费舍;比尔·帕克斯顿;伯纳德·希尔;大卫·沃纳;维克多·加博;乔纳森·海德;阿那托利·萨加洛维奇;苏茜·爱米斯;伊万·斯图尔特;詹姆斯·卡梅隆;刘易斯·阿伯内西;尼古拉斯·卡斯柯恩;丹尼·努齐;杰森·贝瑞;艾恩·格拉法德;乔纳森·菲利普斯;马克·林赛·查普曼;理查德·格拉翰;保罗·布赖特威尔;艾瑞克·布里登;夏洛特·查顿;博纳德·福克斯;迈克尔·英塞恩;法妮·布雷特;马丁·贾维斯;罗莎琳·艾尔斯;罗切尔·罗斯;乔纳森·伊万斯-琼斯;西蒙·克雷恩;爱德华德·弗莱彻;马丁·伊斯特;克雷格·凯利;詹姆斯·兰开斯特;艾尔莎·瑞雯;卢·帕尔特;泰瑞·佛瑞斯塔;凯文·德·拉·诺伊;斯科特·安德森;格雷戈里·库克;利亚姆·图伊;罗恩·多纳基;史蒂文·奎里;詹妮特·戈德斯坦恩;林凡;Linda Kerns;马丁·哈伯;马丁·莱恩;德里克·李;Paul Herbert;亚历山大·欧文斯;Julene Renee;凯茜·贝茨;Camilla Overbye Roos;Amy Gaipa;Rocky Taylor;Mark Rafael Truitt;Garth Wilton;Kevin Owers;Marc Cass;Emmett James;Oliver Page;Erik Holland;塞斯·艾德金斯;Vern Urich;Tricia O'Neil;Dan Pettersson;格雷格·埃利斯;Kris Andersson;Aaron James Cash;Edmond Alan Forsyth;斯科特·希斯洛普;约翰·沃尔卡特;Sean Nepita;Nick Meaney;Mark Capri;克里斯·伯恩;詹姆斯·加勒特;Jari Kinnunen;巴里·丹尼;Rebecca Klingler;Bjørn Olsen;谢伊·达芬;Diana Morgan;安妮·弗莱彻;Andie Hicks;Stan Mazin;Thomas Füri,9.5,,美国,1998-04-03,194
45,大话西游之大圣娶亲,A Chinese Odyssey Part Two - Cinderella,https://p1.meituan.net/moviemachine/508056769092059fe43a611b949f27d14863831.jpg@464w_644h_1e_1c,喜剧;爱情;奇幻,刘镇伟,周星驰;朱茵;莫文蔚;蔡少芬;陆树铭;吴孟达;罗家英;蓝洁瑛;刘镇伟;江约诚;吴珏瑾;李宝龙,8.9,,中国香港;中国大陆,2014-10-24,110
6,唐伯虎点秋香,Flirting Scholar,https://p0.meituan.net/movie/da64660f82b98cdc1b8a3804e69609e041108.jpg@464w_644h_1e_1c,喜剧;爱情;古装,李力持,周星驰;巩俐;郑佩佩;苑琼丹;陈百祥;朱咪咪;黄霑;梁家仁;刘家辉;林威;黄一山;李家声;贾天怡;宣萱;温翠苹;吴镇宇;陈辉虹;谷德昭;黎彼得;蓝洁瑛;陈家碧;李绮霞;王凤琼;梁绮丽;黄颖仪;金磊;梁荣忠;李健仁;刘锡贤;朱铁和;姜皓文;何英伟;王伟梁;温翠苹,9.5,,中国香港,1993-07-01,102
20,迁徙的鸟,The Travelling Birds,https://p1.meituan.net/movie/a1634f4e49c8517ae0a3e4adcac6b0dc43994.jpg@464w_644h_1e_1c,纪录片,雅克·贝汉;雅克·克鲁奥德,雅克·贝汉;Philippe Labro,9.1,,法国;德国;意大利;西班牙;瑞士,2001-12-12,98
98,音乐之声,The Sound of Music,https://p0.meituan.net/movie/ef6d7e040278f3d727306745e8df1af5246411.jpg@464w_644h_1e_1c,剧情;爱情;歌舞;传记,罗伯特·怀斯,朱莉·安德鲁斯;克里斯托弗·普卢默;埃琳诺·帕克;理查德·海顿;安娜·李;本·怀特;诺玛·威登;马妮·尼克松;多丽丝·劳埃德;希瑟·孟席斯-尤里克;安吉拉·卡特怀特;山姆·哈里斯;杰弗里·塞尔;Gil Stuart;格特鲁德·阿斯特;伯特史蒂文斯;Doreen Tryden;Maria von Trapp;Alan Callow;查尔敏·卡尔;埃瓦德妮·贝克;丹尼尔·特鲁希特;波希娅·纳尔逊;基姆·卡拉思;黛比·特纳;杜安·蔡斯;尼古拉斯·哈蒙德;佩吉·伍德;吉尔克里斯特·斯图尔特;弗兰克·贝克;Steve Carruthers;Dorothy Jeakins;Leoda Richards;Bernard Sell;Norman Stevans,9.0,,美国,1965-03-02,174
10,狮子王,The Lion King,https://p0.meituan.net/movie/27b76fe6cf3903f3d74963f70786001e1438406.jpg@464w_644h_1e_1c,动画;歌舞;冒险,罗杰·阿勒斯;罗伯·明可夫,马修·布罗德里克;尼基塔·卡兰姆;詹姆斯·厄尔·琼斯;杰瑞米·艾恩斯;吉姆·卡明斯;内森·连恩;厄尼·萨贝拉;罗伯特·吉尔劳姆;罗温·艾金森;莫伊拉·凯利;乌比·戈德堡;佐伊·里德尔;切奇·马林;玛奇·辛克莱;乔纳森·泰勒·托马斯;弗兰克·维尔克;凯茜·卡瓦蒂妮;Judi M. Durand;Daamen J. Krall;David McCharen;Mary Linda Phillips;菲尔·普洛克特;David Randolph;埃文·绍塞多;Brian Tochi;贾森·韦弗;Laura Williams,9.0,,美国,1995-07-15,89
50,倩女幽魂,A Chinese Ghost Story,https://p1.meituan.net/movie/96d98200d2afb4b87ff189f9c15b6545568339.jpg@464w_644h_1e_1c,爱情;奇幻;武侠;古装,程小东,张国荣;王祖贤;午马;林威;王晶;薛芷伦;刘兆铭;胡大为;蒋金;黄哈;Mei-Yee Sze;杨又祥,8.9,,中国香港,2011-04-30,98
43,小鞋子,بچههای آسمان,https://p1.meituan.net/movie/135c612860fae899df2220149664d97a173555.jpg@464w_644h_1e_1c,剧情;家庭,马基德·马基迪,默罕默德·阿米尔·纳吉;Kamal Mirkarimi;Behzad Rafi;克里斯托弗·马利基;纳菲丝·贾法-穆罕默迪;巴哈丽·西迪奇;法拉赫阿米尔·哈什米安;Mohammad-Hasan Hosseinian;Dariush Mokhtari;费雷什特·萨拉班迪;Jafar Seyfollahi;Abbas-Ali Roomandi;Hasan Roohparvari;Kambiz Peykarnegar;Qolamreza Maleki;Masume Dair;Mohammad Haj-Hosseini;Sara Zamani;Zahra Mirzai;Haj-Ali Salimi;Seyd-Ali Hosseini;Mohammad-Hossein Shahidi;Kazem Asqarpoor;Davud Shams;Mash-Ebrahim Safari;Golnaz Tariqat;Ahmad Mokhber;Hossein Ahamdloo;Siamak Haj-Amini;Azade Qale Noi;Faramarz Safarizadeh;Jamshid Yusefi;Javad Kazemi;Soheil Haj-Amini;Rahman Kharazchi;Ali Chaharian;Amir-Ali Kazemi;Mohammad Oskooi;Reza Dehghan;Moshen Qadiri Nejad;Amir Hossein Tavakkoli;Navid Feyzabadi;Pasha Shoja Zadeh;Mohammad Hossein Mortavazi;Hadi Maleki;Seyed Karym Alikhani,8.8,,伊朗,,89
65,三傻大闹宝莱坞,3 Idiots,https://p1.meituan.net/movie/ca4a128a5a54d5b5e35ceba622636c831810197.jpg@464w_644h_1e_1c,剧情;喜剧;爱情;歌舞,拉吉库马尔·希拉尼,阿米尔·汗;黄渤;卡琳娜·卡普;汤唯;博曼·伊拉尼;马德哈万;沙尔曼·乔希;奥米·瓦依达;贾维德·贾弗里;拉杰夫·拉宾德拉纳特安;莫娜·辛格;Akil Mishra;阿里·扎勒;帕里卡沙特.萨赫尼;Jayant Kripalani;Shoaib Ahmed;Arun Bali;Chandrashekhar;Rahul Kumar;Meghna Bhatia;Achyut Potdar;Supriya Shukla;Rakesh Sharma;登坂广臣;Atul Tiwari;尚卡尔·萨查德夫;Pitobash Tripathy;Malvika Singh;Pooja Goswami;阿马尔迪普·杰哈;Aakash Dabhade;Mukund Bhatt;Chaitali Bose;Nishi Singh;Vaidyanathan;Michael Joseph;Trilok Sadhwani;Tanveer Ahmed;Harvinder Singh;Sitaram Sharma;Saurabh Agnihotri;Captain A.S. Duggal;Shailaja Dhar;Dinesh Kumar;Raghunathan;Rajendra Patwardhan;Sanjay Sood;Sarvanna;Pandit Prayag Raj;Dayal Sharma;Hitesh Tak;Dharmendra Bhurji;Kumar Veer Singh;Dileep Desai;Annapurna Kaul;Dr. Kishor Patil;R.S. Kodange;Apul Jaisinghani;Sonu;Dr. Praful Kulkarni;马达范;Olivier Lafont;Farida Dadi;Dushyant Wagh;Akhil Mishra;Freny Bhagat;Komal Jha;Rohitashv Gour;Pitobash,8.9,,印度,2011-12-08,171
7,乱世佳人,Gone with the Wind,https://p0.meituan.net/movie/223c3e186db3ab4ea3bb14508c709400427933.jpg@464w_644h_1e_1c,剧情;爱情;历史;战争,山姆·伍德;维克多·弗莱明,费雯·丽;克拉克·盖博;奥利维娅·德哈维兰;莱斯利·霍华德;海蒂·麦克丹尼尔斯;埃迪·安德森;托马斯.米切尔;芭芭拉·欧内尔;伊夫林·凯耶斯;乔治·里弗斯;巴特弗莱·麦昆;维克托·乔里;埃弗雷特·布朗;霍华德·C·希克曼;兰德·布鲁克斯;劳拉·霍普·克鲁斯;哈里·达文波特;利昂娜·罗伯特;简·达威尔;保罗·赫斯特;卡米·金·肯伦;欧娜·满森;J·M·克里根;Jackie Moran;莉莲·肯布尔-库珀;米基·库恩;欧文·培根;威廉·贝克韦尔;伊莎贝尔·朱尔;沃德·邦德;克里夫·爱德华兹;亚基马·坎纳特;路易斯·让·埃特;奥林·霍兰德;罗伯特·埃利奥特;玛丽·安德森;Eric Alden;John Arledge;罗斯科·阿蒂斯;特雷弗·巴德特;Ralph Brooks;Daisy Bufford;James Bush;Louise Carter;艾德·钱德勒;Wallis Clark;Frank Coghlan Jr.;基诺科拉多;Luke Cosgrave;Kernan Cripps;Phyllis Douglas;Edythe Elliott;理查德·法恩斯沃斯;弗兰克·费伦;C. Hamilton;Shep Houghton;Si Jenks;乔治·米克;阿尔贝托·莫林;Adrian Morris;Lee Murray;David Newell;李·费尔普斯;Jolane Reynolds;Marjorie Reynolds;Suzanne Ridgeway;William Stack;William Stelling;Harry Strang;Emerson Treacy;F. Driver;Joan Drake;Ned Davenport;Martina Cortina;Kelly Griffin;Susan Falligant;Marcella Martin;卡洛尔·奈;艾丽西亚·瑞特;奥斯卡·波尔克;Gary Carlson;Ruth Byers;Ann Bupp;艾瑞克·林登;安·卢瑟福德;弗莱德·克莱恩;Evelyn Harding;乔治·哈卡索恩;Emmett King;Lennie Bluett;Louisa Robert;Azarene Rogers;Tom Seidel;迪克·韦恩·萨莫斯;Phillip Trent;Julia Ann Tuck;Sarah Whitley;Zack Williams;Inez Hatchett;Jean Heker;Ricky Holt;Tommy Kelly;W. Kirby;William McClain;H. Nellman;N. Pharr;汤姆·泰勒;E·阿兰·沃伦;布卢·华盛顿;Dan White;欧内斯特·惠特曼;Guy Wilkerson;约翰·雷;Horace B. Carpenter;Shirley Chambers;Billy Cook;Yola d'Avril;Lester Dorr;Col. Timothy J. Lonergan;玛格丽特·曼;Charles Middleton;斯考特西顿;Dale Van Sickel,9.5,,美国,1939-12-15,238
87,蝙蝠侠：黑暗骑士,The Dark Knight,https://p0.meituan.net/movie/09658109acfea0e248a63932337d8e6a4268980.jpg@464w_644h_1e_1c,剧情;动作;科幻;惊悚;犯罪,克里斯托弗·诺兰,克里斯蒂安·贝尔;希斯·莱杰;阿伦·伊克哈特;迈克尔·凯恩;玛吉·吉伦哈尔;加里·奥德曼;摩根·弗里曼;莫妮卡·科内;罗恩·迪恩;基里安·墨菲;黄经汉;内斯特·卡博内尔;埃里克·罗伯茨;里特奇·科斯特;迈克尔·加·怀特;菲利普·布卡克;彼特·布洛克;利萨·麦克阿里斯特;布隆森·韦伯;伊恩·皮里;欧内斯特·皮尔斯;约翰·沃曼;安东尼·迈克尔·豪尔;陈冠希;内森·甘宝;毕崔斯·罗森;威廉·菲克纳;大卫·达斯马齐连;阿利安·巴克瑞;大卫·阿贾拉;汤米 里斯特;Roger Monk;乔恩·李·布罗迪;玛丽扎·卡布蕾拉;Debbi Burns;丹·莱瑟姆;尼基·凯特;Chris D. Thomas;基斯·斯扎拉巴基克;柯林·麦克法兰;约书亚·哈尔托;美琳达·麦格劳;Robert Michael Vieau;迈克尔·斯托扬诺夫;威廉·斯米利;丹尼·高德林;欧鲁米基·欧拉乌米;爱利克·赫尔曼;文森佐·尼克力;Nydia Rodriguez;Andy Luther;James Farruggio;Thomas Edson McElroy;Will Zahrn;James Fierro;帕特里克莱希;Sam Derence;Jennifer Knox;Patrick Clear;Sarah Jayne Dunn;Chucky Venice;Winston Ellis;Sophia Hinshelwood;Keith Kupferer;Joseph Luis Caballero;理查德·迪兰;Daryl Satcher;Chris Petschler;Aidan Feore;Paul Birchard;Walter Lewis;文森特·里奥特;Nancy Crane;K·托德·弗里曼;马特·沙伦伯格;Michael Andrew Gorman;Lanny Lutz;Peter Defaria;马特·里皮;安德鲁·比克内尔;Doug Ballard;Helene Wilson;汤米·坎贝尔;克莱格·西恩利;Lorna Gayle;Joshua Rollins;Dale Rivera;马修·里奇;Thomas Gaitsch;威廉·阿姆斯壮;Adam Kalesperis;Tristan Tait;Gertrude Kyles;乔纳森·赖兰德;James Scales;Nigel Carrington;Lateef Lovejoy;Grahame Edwards;罗南·萨莫尔斯;Wai Wong;Michael Corey Foster;Hannah Gunn;Asim Ahmad;Jeff Albertson;Tracy L. Aldaz;Matthew W. Allen;布兰登·兰伯丁;Stephen Armourae;Mike Bach;Wayne Baker;Martin Ballantyne;Tommy Bartlett;Blayne Bennett;Shirin Caiola;Laura Chernicky;马特·赵;Henry Chu;Kelli Clevenger;Jessica Cooper;Bruce Allen Dawson;Danielle Day;Richard Divizio;托尼·多米诺;大卫·威廉·詹姆斯·埃利奥特;Gene Fojtik;Reese Foster;Jason Frederick;Darren Elliot Fulsher;David Fultz;Scott Ganyo;Marisol Giraud;Tim Glanfield;Dan Gossen;Sharlene Merchant;Natalie Hallam;乔登·霍奇斯;John Hoving;Bill Ibrahim;Erron J. Shaw;Daniel Jefferson;拉美西斯·希梅内斯;Will Jones;Bob Kaliebe;Mark Keiser;Charles Kierscht;Thomas Kosik;Don Kress;Tim Krueger;Michael Kuster;Joseph Lazicki;David Lesley;Ivan Lovegren;Deborah Lynn;Noelle Lynn;Jonathan Macchi;J.R. Martino;Joseph Mazurk;Tom McComas;Krista McEnany;James Mellor;Stephen Modell;Joe Nelson;Sal Ozbay;Rory Plante;Charles Query;Marc Radzi;巴斯特·雷维斯;Libby Regnier;Sara Ritz;彼得·雷尼克;Gary Ryder;Elisa Schleef;Greg Schweiner;Jan Seybold;Amit Shah;Vivek Shah;Michelle Shields;Sofiya Smirnova;John Snowden;Lorea Solabarrieta;Dwight Sora;Bruce Spielbauer;January Scarpino;Robert P. Stern;Robert Stone;Richard Strobel;John Thurner;Tom Townsend;Chuen Tsou;约翰·图尔克;Mike Whyte;Erik A. Williams;克里斯托弗·威尔森;Lisa Wolf;Essa Zahir;Kevin Zaideman;莫尼克·加布里埃拉·库尔内;格雷格·比姆;迈克尔·维约;马修·奥尼尔;汤姆·麦克尔罗伊;查尔斯·维恩;汤米·利斯特,9.0,,美国;英国,2008-07-14,152
94,剪刀手爱德华,Edward Scissorhands,https://p1.meituan.net/movie/6a964e9cee699267053bd6a4bf6f2671195394.jpg@464w_644h_1e_1c,剧情;爱情;奇幻,蒂姆·波顿,约翰尼·德普;薇诺娜·瑞德;黛安·韦斯特;安东尼·迈克尔·豪尔;凯西·贝克;罗伯特·奥利维里;康查塔·费雷尔;卡罗娜·艾伦;迪克·安东尼·威廉姆斯;澳澜·琼斯;文森特·普莱斯;艾伦·阿金;苏珊·布洛马特;Linda Perri;Biff Yeager;马蒂·格林伯格;Bryan Larkin;约翰·麦克马洪;Victoria Price;Stuart Lancaster;Gina Gallagher;阿隆·鲁斯汀;阿兰·弗吉;史蒂文·布里尔;Peter Palmer;马克·麦考利;卡门·J·亚历山大;布雷特·赖斯;安德鲁·B·克拉克;凯利·克罗夫顿;琳达·赫斯吉恩;罗莎琳·汤姆森;Eileen Meurer;Lee Ralls;Bea Albano;唐娜·派洛尼;Ken DeVaul;迈克尔·高根;特里西娅·劳埃德;Kathy Dombo;雷克斯·福克斯;谢里·弗格森;Tabetha Thomas;Carol Crumrine;Suzanne Chrosniak;杰基·卡森;Ellen Dennis;Tammy Boalo;凯西·弗莱明;Jalaine Gallion;米丽娅姆·古德斯皮德;戴安娜·L·格林;玛丽·简·希思;Carol D. Klasek;劳拉·纳德;多伊尔·安德森;哈维·贝尔曼;迈克尔·布朗;加里·克拉克;罗兰·杜维尔;罗素·E·格林;塞西尔·霍金斯;Jack W. Kapfhamer;比尔·克莱恩;菲尔·奥尔森;乔·谢尔顿;詹姆斯·斯派塞;约翰·戴维森;尼克·卡特,9.0,,美国,1990-12-06,105
63,速度与激情5,Fast Five,https://p0.meituan.net/movie/845ce32778a1b3f258de089f91a3979b5766154.jpg@464w_644h_1e_1c,动作;犯罪,林诣彬,范·迪塞尔;保罗·沃克;道恩·强森;乔丹娜·布鲁斯特;泰瑞斯·吉布森;克里斯托弗·布莱恩·布里奇斯;马特·斯查尔兹;姜成镐;盖尔·加朵;埃尔莎·帕塔奇;唐·奥马尔;迈克尔·厄尔比;费尔南多·钱;阿里米·巴尔拉德;约戈·康斯坦丁;吉奥夫·米德;Joseph Melendez;杰美瑞·奥索里奥;马克·希克斯;埃斯特万·奎托;Corey Michael Eubanks;小路易斯·达·席尔瓦;路易斯·冈萨加;本杰明·布兰肯希普;Pedro García;Arturo Gaskins;Jay Jackson;Arlene Cerda;肯特·夏克奈克;莎伦泰;Andy Rosa Adler;Natasha Ivanova;Lincoln de Oliveira;Benjamin Easterday;Mariselle Morales;Alex Schoenauer;特戈·卡尔德隆;卡洛斯·桑切斯;乔昆姆·德·阿尔梅达;叶成康;埃莱娜·卡多纳;Amanda Salinas;伊娃·门德斯;Jared Moser;米歇尔·罗德里格兹;布赖恩·泰斯特;伊万·J·托雷斯·拉桑塔;Arlene Santana,8.9,,美国,2011-05-12,130
83,天堂电影院,Nuovo Cinema Paradiso,https://p0.meituan.net/movie/76fc92cfa6c8f2959431b8aa604ef7ae126414.jpg@464w_644h_1e_1c,剧情;爱情,朱塞佩·托纳多雷,菲利浦·诺瓦雷;路易吉·马利亚·伯鲁诺;Tony Palazzo;珍·亚历山大;塞尔瓦托雷·比拉;赛尔乔·卡斯特利托;Pippo Provvidenti;Giuseppe Zarbo;Carmelo Di Mazzarelli;Giorgio Guerrieri;Maria Rosa Parrelo;施泰凡诺·贾巴纳;Alessandro Guarrera;Rita Lia;克莱利娅·龙迪内拉;蒂兹亚娜·罗达托;多米尼克·多尔茨;Costantino Carrozza;Filippo Tarantino;Massimo Pupella;保罗·诺托;Onofrio Ducato;托尼·斯佩兰迪奥;弗朗西斯科·斯夫拉美利;斯皮洛·斯其莫内;Emilio Scimone;Franco Scaldati;Mimmo Gennaro;Sandro Piro;Vincenzo Fiorenza;Filippo Spitale;Rori Quatrocchi;Pino Pellegrino;皮诺·卡拉布里亚;Antonio Miceli;Elia Nicosia;Simona Merito;Rosario Lanzafame;Pasquale Palumbo;Angelo Colajemma;Marzio Honorato;文契尔特·纳瓦拉;欧米洛·康帕纳;Corrado Solari;Giovanni Alamia;Rosolino Cottone;Emilio Adrisani;Giuseppe Funari;Bruno Torrisi;Umberto Terranove;Filippo Alesi;弗朗西斯·古佐;Daniele Ferretti;安东内洛·普利西;雅克·贝汉;萨瓦特利·卡西欧;马克·莱昂纳蒂;莱奥波多·特里耶斯泰;布丽吉特·佛西;安东内拉·阿蒂利;恩佐·卡拉瓦勒;艾萨·丹尼埃利;里奥·故罗塔;普佩拉·玛奇奥;阿格妮丝·那诺;塔诺·希玛罗萨;尼古拉·迪·平托;罗伯塔·蕾娜;尼诺·戴罗佐;Nellina Laganà;Turi Giuffrida;玛丽娜·朱迪切;Giorgio Libassi;比阿特丽斯·帕姆;Ignazio Pappalardo;Angela Leontini;Mimmo Mignemi;Margherita Mignemi;Giuseppe Pellegrino;Turi Killer;Angelo Tosto;Concetta Borpagano;Franco Catalano;埃罗尔·弗林;维尔玛·班基;罗斯科·阿巴克尔;柯克·道格拉斯;维托里奥·德西卡;英格丽·褒曼;克拉克·盖博;Mario Castellani;查理·卓别林;伊萨·巴尔齐扎;伊格纳齐奥·巴尔萨莫;葛丽泰·嘉宝;奥利维娅·德哈维兰;加里·库珀;碧姬·芭铎;克拉拉·卡拉马伊;约翰·巴里摩尔;Nicola Castorino;茹涅·阿斯托尔;Antonio Arcidiacono;维托里奥·加斯曼;让·迦本;马西莫·吉洛蒂;唐娜·里德;西蒙·西涅莱;玛丽亚·雪儿;阿梅德奥·纳扎里;劳伦斯·哈维;马塞洛·马斯楚安尼;海伦·海丝;斯宾塞·屈塞;法利·格兰杰;乔治亚·黑尔;詹姆斯·斯图尔特;克莱尔·特雷弗;阿莉达·瓦利;安娜·马尼亚尼;苏济·普里姆;罗莎琳德·拉塞尔;鲁道夫·瓦伦蒂诺;简·拉塞尔;伊冯娜·桑松;路易·茹韦;加里·格兰特;约翰·韦恩;西尔瓦娜·曼加诺;阿尔贝托·索尔迪;瑙玛·希拉;托托;朱塞佩·托纳多雷;Gaetano Cisco Cimarosa,9.0,,意大利;法国,1988-11-17,155
64,勇敢的心,Braveheart,https://p1.meituan.net/movie/f8e9d5a90224746d15dfdbd53d4fae3d209420.jpg@464w_644h_1e_1c,剧情;动作;传记;历史;战争,梅尔·吉布森,梅尔·吉布森;苏菲·玛索;帕特里克·麦高汉;凯瑟琳·麦克马克;辛·劳洛;詹姆斯·卡沙莫;辛·麦金利;Ralph Riach;布莱恩·考克斯;史蒂芬·比灵顿;巴里·麦戈文;约翰·卡瓦纳;艾伦·阿姆斯特朗;布莱丹·格里森;汤米·弗拉纳根;亚力克斯·诺顿;鲁珀特·范西塔特;迈克尔·伯恩;Malcolm Tierney;Donal Gibson;Martin Dunne;伊安·邦纳;Jimmy Chisholm;大卫·奥哈拉;John Murtagh;彼得·穆兰;杰拉德·迈克索利;Bernard Horsfall;Richard Leaf;尼尔·奥布赖恩;Liam Carney;Phil Kelly;Jimmy Keogh;Joe Savino;戴维·甘特;Mal Whyte;Declan Geraghty;Rana Morrison;Jer O'Leary;Derek Pykett;Joanne Bett;Julie Austin;Robert Paterson;Sandy Nelson;詹姆斯·鲁宾逊;Andrew Weir;Alan Tall;Mhairi Calvey;Gerda Stevenson;安古斯·麦克菲登;Peter Hanly;John Burns;Greg Jeloudov;Martin Dempsey;Paul Tucker;Daniel Coli;Bill Murdoch;David McKay;Martin Murphy;William Scott-Masson;Tam White;Dean Lopata;Fred Chiverton;Jeanne Marine;Daniel Coll,8.9,,美国,1995-05-18,177
42,素媛,소원,https://p0.meituan.net/movie/19653e8af59cf473cd40f9ccc0658d93692304.jpg@464w_644h_1e_1c,剧情,李濬益,李来;薛耿求;严志媛;金海淑;金相浩;罗美兰;杨真诚;赵福来;徐贤宇;宋英奎;郑敏圣;权泰元;曹文义,8.8,,韩国,2013-10-02,123
23,我爱你,그대를 사랑합니다,https://p1.meituan.net/movie/ed50b58bf636d207c56989872a91f4cf305138.jpg@464w_644h_1e_1c,剧情;爱情,秋昌旼;孙昌敏,李彩恩;吉海妍;金秀美;李文植;李顺才;吴达洙;尹秀晶;宋智孝;宋在浩;Hae-yeon Kim;Jae-Yoon Jo;Bi-bi Kim;Soo-yeong Kang;Hyun Joong Kang;李俊赫;Sang-hoon Lee;Nam-Hee Park;李顺载;赵在允;Jeong;罗美兰;金香奇;李相勋;李俊赫,9.1,,韩国,2011-02-17,118
19,千与千寻,千と千尋の神隠し,https://p0.meituan.net/movie/30b20139e68c46d02e0893277d633b701292458.jpg@464w_644h_1e_1c,动画;冒险;奇幻;家庭,宫崎骏,柊瑠美;周冬雨;入野自由;井柏然;夏木真理;王琳;中村彰男;彭昱畅;菅原文太;田壮壮;内藤刚志;泽口靖子;我修院达也;神木隆之介;玉井夕海;大泉洋;小林郁夫;上条恒彦;小野武彦;安田显;斋藤志郎;黛维·切斯;杰森·马斯登;苏珊娜·普莱舍特;鲍伯·伯根;迈克·奇科利斯;罗伦·荷莉;塔拉·斯特朗;苏珊·伊甘;保罗·伊丁;约翰·拉岑贝格;戴维·奥格登·施蒂尔斯;杰克·安杰尔;雪莉·琳恩;莫娜·马歇尔;詹妮弗·达林;米凯·麦高万;科琳·欧肖内希;菲尔·普洛克特;吉姆·瓦德;Candi Milo;罗杰·布帕斯;户次重幸;山像香;脇田茂;都筑香弥子;Noriko Kitou;Masayuki Kizu;Rina Yamada;Madalena Bobone;Rui Mendes;山本道子;Akio Nakamura;山本郁子;Filipa Maló Franco;João Melo;Fernanda Montemor,9.1,,日本,2019-06-21,125
68,风之谷,風の谷のナウシカ,https://p0.meituan.net/movie/4f9638ba234c3fb673f23a09968db875371576.jpg@464w_644h_1e_1c,动画;奇幻;冒险,宫崎骏,岛本须美;永井一郎;坂本千夏;鳕子;榊原良子;大塚芳忠;纽威尔·亚历山大;弗兰克·维尔克;乌玛·瑟曼;帕特里克·斯图尔特;克里斯·萨兰登;爱德华·詹姆斯·奥莫斯;艾莉森·洛曼;希亚·拉博夫;布里奇特·霍夫曼;马克·哈米尔;保罗·布切;裘蒂·班森;Stephen Apostolina;杰夫·贝内特;凯姆·克拉克;罗伯特·克洛特沃西;大卫·考吉尔;Wendy Cutler;阿什丽·艾德纳;Jean Gilpin;尼古拉斯·格斯特;里夫·霍顿;托尼·杰;特蕾丝·麦克尼尔;伊迪·米尔曼;Ashley Rose;詹姆斯·阿诺德·泰勒;Pete Renaday;Aimee Roldan;Richard Miro;Jordan Orr;罗斯·斯曼特利斯;格雷斯·罗莱克;Mark Silverman;Emily Bauer;Tom Amundsen;Rosemary Alexander;Molly Keck;Sherry Hursey;艾克·艾森曼;Mitch Carter;辻村真人;京田尚子;纳谷悟朗;菅谷政子;贵家堂子;松田洋治;富永美伊奈;宫内幸平;八奈见乘儿;矢田稔;吉田理保子;中村武己;水鸟铁夫;家弓家正;坪井章子;麦人;野村信次;岛田敏;太田贵子;鲇原久子;Jordan Del Spina;琳娜·泽格;Jimmy Keegan;莫娜·马歇尔;Patricia Parris;约翰·施瓦布;彼得·雷纳迪;艾维·摩尔;Ken Sansom;哈尔·史密斯,8.9,,日本,,117
67,末代皇帝,The Last Emperor,https://p1.meituan.net/movie/21b9211eb1094af360842472018db634286646.jpg@464w_644h_1e_1c,剧情;传记;历史,贝纳尔多·贝托鲁奇,尊龙;彼得·奥图尔;陈冲;邬君梅;英若诚;黄自强;卢燕;陈凯歌;黄文捷;于莉;陈述;王彪;里克·扬;田川洋行;康斯坦丁·格雷戈里;蔡鸿翔;区亨利;张天民;武俊;马吉·汉;丹尼斯·邓恩;Fumihiko Ikeda;苟杰德;石凉;坂本龙一;Michael Vermaaten;Akira Ikuta;Shihong Yu;黄汉琪;Xu Chunqing;Hongnian Luo;邵茹贞;Guangli Li;Jiechen Dong;宋怀桂;Ruigang Zu;Yuan Jin;Shuyan Cheng;张大星;Xu Tongrui;Fusheng Li;Jingping Cui;Junguo Gu;皱缇格;理查德·吴;Guang Fan;张良斌;鲍皓昕;Zhendong Dong;梁冬;Alvin Riley III;亨利·基;Hajime Tachibana;高松英郎;Baozong Yang;Guang Ma;Shigang Luo;Xinmin Cui;Matthew Spender;Lingmu Zhang;Hongchang Yang;吴涛;樊光耀;黄志强;劳力;王涛;程淑艳,8.9,,英国;意大利;中国大陆;法国;美国,1987-10-23,163
86,射雕英雄传之东成西就,The Eagle Shooting Heroes,https://p0.meituan.net/movie/86c5190ba1d1236093c13f2fe9ed8dd4150050.jpg@464w_644h_1e_1c,喜剧;奇幻;武侠;古装,刘镇伟,张国荣;梁朝伟;张学友;梁家辉;王祖贤;刘嘉玲;叶玉卿;张曼玉;钟镇涛;魏伯勤;林青霞,9.0,,中国香港,1993-02-05,113
99,辛德勒的名单,Schindler's List,https://p0.meituan.net/movie/b0d986a8bf89278afbb19f6abaef70f31206570.jpg@464w_644h_1e_1c,剧情;历史;战争,史蒂文·斯皮尔伯格,连姆·尼森;拉尔夫·费因斯;本·金斯利;艾伯丝·戴维兹;卡罗琳·古多尔;马克·伊瓦涅;安德烈·瑟韦林;戈兹·奥托;Lucyna Zabawa;Jacek Wójcicki;托马斯·莫里斯;布兰科·拉斯蒂格;Hubert Kramar;亚历山大·斯特罗贝勒;August Schmölzer;Maciej Orlos;Georges Kern;Tadeusz Huk;耶日·诺瓦克;塔德乌什·布拉德茨基;路德格·皮斯特;奥拉夫·卢巴申科;Eugeniusz Priwieziencew;约亨·尼克尔;Geno Lechner;诺伯特·魏塞尔;埃琳娜·勒文松;Michelle Csitos;马丁·塞梅洛格;艾尔文·莱德;Osman Ragheb;Martin S. Bergmann;Razia Israeli;Marta Bizon;Ben Talar;Katarzyna Tlalka;Beata Deskur;玛丽亚·佩斯泽克;Zuzanna Lipiec;Maciej Kowalewski;Katarzyna Smiechowicz;Emilie Schindler;Leopold Rosner;Jerzy Sagan;Ruth Farhi;Dirk Bender;Dariusz Szymaniak;Radoslaw Krzyzowski;Maciej Winkler;Hans Rosner;Edward Linde-Lubaszenko;Alicja Kubaszewska;Danny Marcu;Agnieszka Korzeniowska;Dominika Bednarczyk;Lidia Wyrobiec-Bank;Ravit Ferera;Bartek Niebielski;Sebastian Konrad;Ryszard Radwanski;Piotr Kadlcik;玛雅·奥丝塔泽斯卡;Sebastian Skalski;Jacek Lenczowski;Hanna Kossowska;Leopold Pfefferberg;Kamil Krawiec;Ryszard Horowitz;埃斯蒂·耶鲁沙米;Dorit Seadia;Wolfgang Seidenberg;Michael Schiller;Alexander Buczolich;皮奥特·赛尔沃斯;约阿希姆·保罗·阿斯波克;Marek Wrona;Zbigniew Kozlowski;Marcin Grzymowicz;Dieter Witting;Magdalena Komornicka;阿格涅兹卡·克鲁科沃娜;Stanislaw Brejdygant;Haymon Maria Buttinger;Peter Appiano;Jacek Pulanecki;Tomasz Dedek;Slawomir Holland;Ethel Szyc;Sigurd Bemme;Jeremy Flynn;Anemona Knut;简·朱雷维奇;阿格尼兹卡·旺格;Maciej Kozlowski;维斯瓦夫·科马萨;Peter Flechtner;Wilhelm Manske;马瑞安·格林卡;Grzegorz Damiecki;Daniel Del Ponte;Andrzej Welminski;Michael Z. Hoffmann;Hans-Michael Rehberg;Adam Siemion;Magdalena Dandourian;Artus Maria Matthiessen;Beata Rybotycka;Hans-Jörg Assmann;斯坦尼斯瓦夫·科恰诺维奇;亨里克·比斯塔;奥莉维亚·达布罗斯卡;Shabtai Konorti;帕维·德朗柯;Vili Matula;Grzegorz Kwas;贝蒂娜·库珀;Ewa Kolasinska;弗里德里希·冯·图恩;克齐斯茨托夫·拉夫特;Ezra Dagan;拉米·希尔伯格;Beata Paluch;Piotr Polk;Leopold Kozlowski;Uri Avrahami;迈克尔·施奈德;Miri Fabian;Harry Nehring;Adi Nitzan;Michael Gordon;Aldona Grochal;安娜·穆查;Albert Misak;乔纳森·萨加尔;Malgorzata Gebel;胡契克·卡勒塔;杰拉德·亚历山大·海德;Shmuel Levy;碧翠斯·马科拉;马尔戈萨·格贝尔;Etl Szyc,9.5,,美国,1993-11-30,195
54,鬼子来了,Devils on the Doorstep,https://p0.meituan.net/movie/34f9202c5e823f490ffec4c69d5d0028137395.jpg@464w_644h_1e_1c,剧情;战争,姜文,姜文;姜宏波;陈强;香川照之;吴大维;喜子;李海滨;泽田谦也;梶冈润一;袁丁;丛志军;陈述;姜武;蔡卫东;史建全;陈莲梅;宫路佳具;石山雄大;述平,8.8,,中国大陆,2000-05-13,139
18,海上钢琴师,La leggenda del pianista sull'oceano,https://p0.meituan.net/movie/609e45bd40346eb8b927381be8fb27a61760914.jpg@464w_644h_1e_1c,剧情;爱情;音乐,朱塞佩·托纳多雷,蒂姆·罗斯;比尔·努恩;克兰伦斯·威廉姆斯三世;普路特·泰勒·文斯;梅兰尼·蒂埃里;加布里埃莱·拉维亚;皮特·沃恩;尼尔·奥布赖恩;阿尔贝托·巴斯克斯;Julien Lovett;希思科特·威廉姆斯;Adriano Wajskol;布莱恩·普林格;安吉洛·迪洛雷塔;Pierluigi Coppola;Stefano Pagin;Bernard Padden;Noriko Aida;Andrew Dunford;Eamon Geoghegan;伊斯顿·盖奇;Harry Ditson;Katy Monique Cuom;科里·巴克;Vernon Nurse;Norman Chancer;西德尼·科尔;费米·依鲁福祖;Leonid Zaslavski;Luigi De Luca;Femi Elufowojo;Nigel Fan;Roger Monk;吉达·布塔;Gianluigi Molteni,9.1,,意大利,2019-11-15,126
3,肖申克的救赎,The Shawshank Redemption,https://p0.meituan.net/movie/283292171619cdfd5b240c8fd093f1eb255670.jpg@464w_644h_1e_1c,剧情;犯罪,弗兰克·德拉邦特,蒂姆·罗宾斯;摩根·弗里曼;鲍勃·冈顿;威廉·桑德勒;克兰西·布朗;吉尔·贝罗斯;马克·罗斯顿;詹姆斯·惠特摩;杰弗里·德曼;拉里·布兰登伯格;尼尔·吉恩托利;布赖恩·利比;大卫·普罗瓦尔;乔·劳格诺;祖德·塞克利拉;保罗·麦克兰尼;芮妮·布莱恩;斯科特·曼;约翰·霍顿;戈登·格林;阿方索·弗里曼;V·J·福斯特;约翰·萨默斯;弗兰克·梅德拉诺;马克·迈尔斯;阿兰·凯斯勒;摩根·伦德;康奈尔·华莱士;加里·李·戴维斯;尼尔·萨默斯;耐德·巴拉米;乔·佩科拉罗;小哈罗德·科普;布赖恩·戴拉特;唐·麦克马纳斯;唐纳德·津恩;多萝西·希尔沃;罗伯特·海利;达纳·斯奈德;John D. Craig;肯·马吉;Eugene C. DePasquale;比尔·鲍兰德;罗恩·纽厄尔;约翰·伍德沃德;查克·布劳彻勒;迪翁·安德森;克莱尔·史莱姆;James Kisicki;詹姆斯·巴伯森;罗恩·托马斯;查理·卡恩斯;Rob Reider;布莱恩·布罗菲;Paul Kennedy;Brad Spencer;丹尼斯·贝克;弗雷德·克柏森;丽塔·海华斯;理查德·杜恩;Michael Lightsey;加里·琼斯;阿隆佐·F·琼斯;克里斯·佩吉;塞尔吉奥·加藤;约瑟夫·劳格诺,9.5,,美国,1994-09-10,142
88,无间道,Infernal Affairs,https://p0.meituan.net/movie/606de8f394d40dbcbb9b87943fec71a2130408.jpg@464w_644h_1e_1c,剧情;悬疑;犯罪,刘伟强;麦兆辉,刘德华;梁朝伟;黄秋生;曾志伟;陈慧琳;郑秀文;陈冠希;余文乐;萧亚轩;杜汶泽;林家栋;吴廷烨;林迪安;尹志强;许金峰;何华超;利沙华;区轩玮;李天翔;黄燕强;林溥来;郑颖仪;姚文基;袁伟豪;麦伟国;瞿美仪;李业健;何仲伟;余世腾;苏伟南;黎志伟;梁皓楷;李子明;许安达;何永宁;李华柱;梁超怡;Chi-Wang Wong;Chi-Wai Lai;Yuk-San Cheung;Wai Ho Yuen,9.0,,中国香港,2003-09-05,101
5,罗马假日,Roman Holiday,https://p0.meituan.net/movie/289f98ceaa8a0ae737d3dc01cd05ab052213631.jpg@464w_644h_1e_1c,剧情;喜剧;爱情,威廉·惠勒,格利高里·派克;奥黛丽·赫本;埃迪·艾伯特;哈特利·鲍尔;哈考特·威廉姆斯;玛格丽特·罗林斯;托里奥·卡米纳提;Paolo Carlini;Claudio Ermelli;保拉·布鲁布尼;里佐·弗雷多里佐;Laura Solari;Gorella Gori;Armando Ambrogi;Armando Annuale;毛里齐奥·阿雷纳;Silvio Bagolini;乌戈·巴莱里尼;Bruno Baschiera;Gildo Bocci;阿尔弗雷德·布朗;Princess Alma Cattaneo;J. Cortes Cavanillas;弗兰科·科尔萨罗;John Cortay;Vittoria Crispo;Ferdinando De Aldisio;乌戈·德·帕斯卡尔;Jan Dijksgraaf;安德烈·艾斯特哈兹;Gherda Fehrer;雅克·费里尔;Helen Fondra;Giovanni Fostini;Sytske Galema;保罗·加里;Adam Jennette;G. Kabulska;约翰·霍恩;史蒂芬·豪斯;特蕾莎·戈捷;奥托·格罗斯;Sidney Gordon;爱德华·希区柯克;Heinz Hindrich;朱斯蒂诺·奥利维;Desiderio Nobile;理查德·纽豪斯;Julio Moriones;米莫·波利;贾科莫·奔萨;Piero Pastore;埃里克·奥顿;Giuliano Raffaelli;弗里德里希·兰普;黛安·兰特;库尔特·克林格;Nicola Konopleff;Mario Lucinni;路易斯·马里诺;Princess Lilamani;Luigi Locchi;Maurice Montabre;理查德·麦克纳马拉;拉宾德拉纳特·米特;多米尼克·丽卡;Luigi Moneta;Carlo Rizzo;Piero Scanziani;Gianna Segale;Octave Senoret;Sir Hari Singh;Alcide Tico;阿梅代奥·特里利;海伦·塔布斯;Marco Tulli;Joop van Hulzen;帕特里夏·瓦尔纳;Dianora Veiga;Cesare Viori;塔尼亚·韦伯;Hank Werbe;Catherine Wyler;Judy Wyler;George Higgins II,9.5,,美国,1953-08-20,118
84,指环王2：双塔奇兵,The Lord of the Rings: The Two Towers,https://p0.meituan.net/movie/02bb9fd161c05bad6089133098efcdb5546589.jpg@464w_644h_1e_1c,剧情;动作;奇幻;冒险,彼得·杰克逊,伊莱贾·伍德;伊恩·麦克莱恩;丽芙·泰勒;维果·莫腾森;西恩·奥斯汀;凯特·布兰切特;约翰·瑞斯-戴维斯;伯纳德·希尔;克里斯托弗·李;比利·博伊德;多米尼克·莫纳汉;奥兰多·布鲁姆;雨果·维文;米兰达·奥图;大卫·文翰;布拉德·道里夫;安迪·瑟金斯;肖恩·宾;卡尔·厄本;克雷格·帕克;约翰·诺贝尔;彼得·杰克逊;萨拉·贝克;约翰·贝西;杰德·布罗菲;卡卢姆·吉廷斯;布鲁斯·霍普金斯;布鲁斯·菲利普斯;Robert Pollock;史蒂芬·乌瑞;比利·杰克逊;凯蒂·杰克逊;Jørn Benzon;艾伦·李;Victoria Beynon-Cole;李·哈特利;菲利普·格里夫;巴里·M·奥斯本;Daniel Falconer;Marcus Thorne;亨利·莫腾森;Hannah Wood;Piripi Waretini;Timothy Lee;Ray Trickett;Phillip Spencer Harris;丹·汉纳;Paul Holmes;John Leigh;Robbie Magasiva;罗宾·马尔科姆;Olivia Tennet;布鲁克·奥佩斯;Sam Comery;Paris Howe Strewe;纳撒尼尔·利斯;阿兰·霍华德;米兰达·奥托;肖恩·奥斯汀;Ray Trickitt,9.0,,美国;新西兰,2003-04-25,179
62,黑客帝国3：矩阵革命,The Matrix Revolutions,https://p0.meituan.net/movie/2e383b5f5f306f10f9f26d9f1c28cf1d825537.jpg@464w_644h_1e_1c,动作;科幻,拉娜·沃卓斯基;莉莉·沃卓斯基,基努·里维斯;雨果·维文;凯瑞-安·莫斯;劳伦斯·菲什伯恩;玛丽·爱丽丝;凯特·宾汉;莫妮卡·贝鲁奇;埃茜·戴维斯;克里斯托弗·卡比;罗伯特·马莫内;罗宾·奈文;吉娜薇·欧瑞丽;哈罗德·佩里诺;贾达·萍克·史密斯;布鲁斯·斯宾斯;吉娜·托瑞斯;克莱顿·华生;朗贝尔·维尔森;安东尼·泽比;邹兆龙;Tanveer K. Atwal;赫尔穆特·巴凯蒂斯;Francine Bell;Rachel Blackman;Henry Blasingame;Ian Bliss;Zeke Castelli;诺娜·加耶;Dion Horstmans;拉黑·休姆;Peter Lamb;纳撒尼尔·利斯;哈里·林尼科斯;乔·曼宁;Maurice Morgan;Tharini Mudaliar;Rene Naufahu;Kittrick Redmond;鲁伯特·雷德;凯文·迈克尔·理查德森;大卫·罗伯茨;Richard Sydenham;Che Timmins;康奈尔·韦斯特;伯纳德·怀特;安东尼·布兰登·黄;克雷格·沃克;哈里·列尼斯,8.8,,美国;澳大利亚,2003-11-05,129
70,放牛班的春天,Les choristes,https://p0.meituan.net/movie/70de97ebb6b5251ecb7c3f6d7a782a7f189340.jpg@464w_644h_1e_1c,剧情;音乐,克里斯托夫·巴拉蒂,热拉尔·朱尼奥;让-巴蒂斯特·莫尼耶;玛丽·布奈尔;凯德·麦拉德;弗朗索瓦·贝莱昂;雅克·贝汉;让-保罗·博奈雷;马科森斯·珀林;卡罗尔·韦斯;Paul Chariéras;埃里克·德斯玛莱茨;菲利普·杜·詹纳兰德;Théodul Carré-Cassaigne;托马斯·布伦门塔尔;格雷戈里·加迪诺尔;西里尔·伯尔尼科特;西蒙·法戈特;Armen Godel;Michel Caccia;Louis Deval;Jordan Donatella;Steve Gadler;Aurélien Bravard;Benjamin Charles;Niels Dalbignat;Gaetan Delaire;狄迪尔·弗拉蒙;Loïc Bernicöt;Christophe Borie;Clément Bonnemoy;Dimitri Brand;Violette Barratier;Lena Chalvon;Colette Dupanloup;Mathieu Basset;Monique Ditisheim;Fabrice Dubusset;Marielle Coubaillon;Alexandre Dosjoub;Antonin Delahaies;Kevin Eytier;Mathieu Durif;Eloi Buisson;Vincent Reviron;Arthus Chambon;Jessy Chalmeton;Rodrigo Avitt;Quentin Alibert;Yanis Benhamana;Baptiste Beaumet;Vincent Riqueur;Denis Papon;Anthony Ryat;Alexandre Resende;Bogdan Illouz;Giacomo Kahn;Marc-Antoine Madeyre;Kevin Monteiro;Mickaël Fournier;Benoît Fritisse;Nicolas Gomme;Florian Gontard;Rémi Dubien;Aurélien Dussol;Patrice Dubrouillet;Jérémy Eberle;Quentin Donatella;Jérémy Duarte;Maxime Brilland-Guijarro;Kevin Remont;Nicolas Pouyad;Adrien Pinet;Pierre-Alban Vernet;Samuel L'Honnen;Titouan Martin;Thomas Levert;Jean-Baptiste Malaqui;Jordy Lapatrie;Gary Lemaouche;Sylvain Fustier;Philippe Gaumme;Gaël Fayet;Loïc Françon;泰奥杜尔·卡雷-卡赛尼,8.9,,法国;德国;瑞士,2004-10-16,97
90,加勒比海盗,Pirates of the Caribbean: The Curse of the Black Pearl,https://p0.meituan.net/movie/b05b94b28eca53f325ae8d807fcd4ce01798036.jpg@464w_644h_1e_1c,动作;奇幻;冒险,戈尔·维宾斯基,约翰尼·德普;凯拉·奈特莉;奥兰多·布鲁姆;杰弗里·拉什;杰克·达文波特;乔纳森·普雷斯;李·阿伦伯格;麦肯锡·克鲁克;达米恩·奥哈尔;安格斯·巴尼特;大卫·拜利;小迈克尔·贝瑞;小伊萨克·C.辛格尔顿;凯文·麦克纳利;大卫·斯科菲尔德;特雷瓦·埃迪内;佐伊·索尔达娜;盖伊·西纳;Paula J. Newman;保罗·基斯;戴兰·史密斯;Michael Sean Tighe;格雷格·埃利斯;Georges Trillat;特雷沃·格德达德;Vince Lozano;Matthew Bowyer;John Boswall;瓦妮莎·布兰奇;克里斯托弗·亚当森;马丁·科勒巴;Félix Castro;David Keyes;David Patykewich;Marco Khanlian;Michael W. Williams;LeJon;乔·格里萨菲;Gregory R. Alosio;乔迪·卡巴勒罗;Christopher S. Capp;Paul Cagney;James McAuley;Ben Wilson;罗比·基;Antonio Valentino;劳伦·马赫;Brye Cooper;Owen Finnegan;Mike Babcock;Sam Roberts;Ian McIntyre;Mike Haberecht;Ben Roberts;Gerard J. Reyes;Rudolph McColam;Christopher Sullivan;M. Scott Shields;Fred Toft;Craig Thomson;Jerry Gauny;D.P. FitzGerald;Michael Earl Lane;Maxie J. Santillan Jr.;Tobias McKinney;Bud Mathis;John Mackey;Spider Madison;Jose Zelaya;Finneus Egan;Tommy Schooler;Michael A. Thompson;Don LaDaga;Giles New;Nej Adamson;Ralph Martin;露欣达·戴泽克;卢克·德·沃夫松;Dustin Seavey;Israel Aduramo;Christian Martin;周润发;哈维尔·巴登;比尔·奈伊;伊恩·麦柯肖恩;布兰顿·思怀兹;卡雅·斯考达里奥;阿斯特丽德·伯格斯-弗瑞斯贝;佩内洛普·克鲁兹;斯特兰·斯卡斯加德;汤姆·霍兰德;娜奥米·哈里斯;山姆·克拉弗林;Israel Oyelumade;Rudolph McCollum;Maxie Santillan Jr.,9.0,,美国,2003-11-21,143
66,闻香识女人,Scent of a Woman,https://p1.meituan.net/movie/8d7b0b902afd4ec1a3dd7a9c6149463c187734.jpg@464w_644h_1e_1c,剧情,马丁·布莱斯特,阿尔·帕西诺;克里斯·奥唐纳;加布里埃尔·安瓦尔;菲利普·塞默·霍夫曼;布莱德利·惠特福德;托德·路易斯;朗·埃达德;詹姆斯·瑞布霍恩;理查德·文彻;Margaret Eginton;汤姆·里斯·法雷尔;尼古拉斯·萨德勒;吉恩·坎菲尔德;弗兰西丝·康罗伊;琼·斯奎布;Sally Murphy;安赫·道格;Leonard Gaines;大卫·兰斯布里;Baxter Harris;Mansoor Najeeullah;Peter Carew;Michael Lisenco;Divina Cook;Russell Gibson;Jack Mulcahy;Michael Simon;Paul Stocker;弗朗西斯·斯威夫特;William Beckwith;J.T. Cromwell;Erika Feldman;Julian Stein;Max Stein;Joseph Palmas;罗谢尔·奥利弗;马特·史密斯;Michael Santoro;Alyson Feldman;Dan Gifford;Mike Lisenco,8.9,,美国,1992-12-23,157
